-- phpMyAdmin SQL Dump
-- version 4.9.0.1
-- https://www.phpmyadmin.net/
--
-- Host: 127.0.0.1
-- Waktu pembuatan: 08 Apr 2020 pada 17.04
-- Versi server: 10.3.16-MariaDB
-- Versi PHP: 7.3.6

SET SQL_MODE = "NO_AUTO_VALUE_ON_ZERO";
SET AUTOCOMMIT = 0;
START TRANSACTION;
SET time_zone = "+00:00";


/*!40101 SET @OLD_CHARACTER_SET_CLIENT=@@CHARACTER_SET_CLIENT */;
/*!40101 SET @OLD_CHARACTER_SET_RESULTS=@@CHARACTER_SET_RESULTS */;
/*!40101 SET @OLD_COLLATION_CONNECTION=@@COLLATION_CONNECTION */;
/*!40101 SET NAMES utf8mb4 */;

--
-- Database: `klinik_avicena`
--

-- --------------------------------------------------------

--
-- Struktur dari tabel `admin`
--

CREATE TABLE `admin` (
  `nama_admin` varchar(14) NOT NULL,
  `umur` tinyint(2) NOT NULL,
  `jabatan` varchar(5) NOT NULL,
  `alamat` varchar(37) NOT NULL,
  `username` varchar(9) NOT NULL,
  `password` varchar(15) NOT NULL
) ENGINE=InnoDB DEFAULT CHARSET=latin1;

--
-- Dumping data untuk tabel `admin`
--

INSERT INTO `admin` (`nama_admin`, `umur`, `jabatan`, `alamat`, `username`, `password`) VALUES
('Admin Kece', 21, 'Admin', '-', 'admin', 'admin'),
('Fitri Nilawati', 25, 'Bidan', 'Tekik, 001/-, Temuwuh, Dlingo, Bantul', 'shafiyyah', 'klinikavicena17');

-- --------------------------------------------------------

--
-- Struktur dari tabel `belanja`
--

CREATE TABLE `belanja` (
  `kode_belanja` int(11) NOT NULL,
  `waktu` date NOT NULL,
  `keterangan` text NOT NULL,
  `biaya` int(11) NOT NULL
) ENGINE=InnoDB DEFAULT CHARSET=latin1;

-- --------------------------------------------------------

--
-- Struktur dari tabel `data_pasien`
--

CREATE TABLE `data_pasien` (
  `kode_pasien` int(11) NOT NULL,
  `kode_keluarga` varchar(4) NOT NULL,
  `nama_pasien` varchar(50) NOT NULL,
  `umur` varchar(2) NOT NULL,
  `jenis_kelamin` varchar(10) NOT NULL
) ENGINE=InnoDB DEFAULT CHARSET=latin1;

-- --------------------------------------------------------

--
-- Struktur dari tabel `desa`
--

CREATE TABLE `desa` (
  `kode_desa` int(11) NOT NULL,
  `nama_desa` varchar(64) NOT NULL
) ENGINE=InnoDB DEFAULT CHARSET=latin1;

--
-- Dumping data untuk tabel `desa`
--

INSERT INTO `desa` (`kode_desa`, `nama_desa`) VALUES
(1, 'Temuwuh'),
(2, 'Jatimulyo'),
(3, 'Dlingo'),
(4, 'Mangunan'),
(5, 'Muntuk'),
(6, 'Terong'),
(7, 'Getas'),
(8, 'Srumbung'),
(9, 'Sumberejo');

-- --------------------------------------------------------

--
-- Struktur dari tabel `detail_transaksi`
--

CREATE TABLE `detail_transaksi` (
  `id_detail` int(11) NOT NULL,
  `id_transaksi` int(11) NOT NULL,
  `id_obat` int(11) NOT NULL,
  `jumlah` int(11) NOT NULL
) ENGINE=InnoDB DEFAULT CHARSET=latin1;

-- --------------------------------------------------------

--
-- Struktur dari tabel `dusun`
--

CREATE TABLE `dusun` (
  `kode_dusun` int(3) NOT NULL,
  `nama_dusun` varchar(30) NOT NULL,
  `kode_desa` int(11) NOT NULL
) ENGINE=InnoDB DEFAULT CHARSET=latin1;

--
-- Dumping data untuk tabel `dusun`
--

INSERT INTO `dusun` (`kode_dusun`, `nama_dusun`, `kode_desa`) VALUES
(1, 'Tekik', 1),
(2, 'Temuwuh, Tlogo, Bibis', 1),
(3, 'Ngunut', 1),
(4, 'Lungguh', 1),
(5, 'Kapingan', 1),
(6, 'Nglampengan', 1),
(7, 'Tanjan', 1),
(8, 'Jambewangi', 1),
(9, 'Salam', 1),
(10, 'Klepu', 1),
(11, 'Tanjung', 1),
(12, 'Jurug', 1),
(13, 'Dodogan', 2),
(14, 'Rejosari', 2),
(15, 'Kedungdayak', 2),
(16, 'Pokoh I', 3),
(17, 'Pokoh II', 3),
(18, 'Dlingo I', 3),
(19, 'Dlingo II', 3),
(20, 'Koripan I', 3),
(21, 'Koripan II', 3),
(22, 'Kebosungu I', 3),
(23, 'Kebosungu II', 3),
(24, 'Mangunan', 4),
(25, 'Kediwung', 4),
(26, 'Sukorame', 4),
(27, 'Kanigoro', 4),
(28, 'Pakis I', 3),
(29, 'Pakis II', 3),
(30, 'Getas', 7),
(31, 'Srumbung', 8),
(32, 'Sumberejo', 9),
(33, 'Seropan I', 5),
(34, 'Seropan II', 5),
(35, 'Seropan III', 5),
(36, 'Loputih', 3),
(37, 'Gayam', 3),
(38, 'Tegallawas', 3),
(39, 'Banyu Urip', 2),
(40, 'Semuten', 2),
(41, 'Badean', 2),
(42, 'Maladan', 2),
(43, 'Sendang Sari', 6),
(44, 'Terong II', 6),
(45, 'Saradan', 6),
(46, 'Pancuran', 6),
(47, 'Muntuk', 5),
(48, 'Tangkil', 5),
(49, 'Kebokuning, Ngenep', 6);

-- --------------------------------------------------------

--
-- Struktur dari tabel `kepala_keluarga`
--

CREATE TABLE `kepala_keluarga` (
  `kode_keluarga` varchar(4) NOT NULL,
  `kode_dusun` int(11) NOT NULL,
  `nama_kepala` varchar(50) NOT NULL,
  `rt` varchar(5) DEFAULT NULL
) ENGINE=InnoDB DEFAULT CHARSET=latin1;

--
-- Dumping data untuk tabel `kepala_keluarga`
--

INSERT INTO `kepala_keluarga` (`kode_keluarga`, `kode_dusun`, `nama_kepala`, `rt`) VALUES
('1', 1, 'Basuki ', '1'),
('10', 1, 'Riyanto ', '4'),
('100', 1, 'Dar', '1'),
('1000', 9, 'Wagirin', ''),
('1001', 9, 'Wajiyanto', ''),
('1002', 9, 'Wadiyanto', ''),
('1003', 9, 'Slamet ', '4'),
('1004', 9, 'Pardiyono', ''),
('1005', 9, 'Marjono', ''),
('1006', 10, 'Arifin', ''),
('1007', 10, 'Parto Rejo', ''),
('1008', 10, 'Legimin', ''),
('1009', 10, 'Ngatemo', ''),
('101', 1, 'Yanto', '1'),
('1010', 10, 'Subardi', ''),
('1011', 10, 'Ponijan', ''),
('1012', 10, 'Gito Rejo', ''),
('1013', 10, 'Sanem', ''),
('1014', 10, 'Maryadi', ''),
('1015', 10, 'Lasimin', ''),
('1016', 10, 'Mugiyarto', ''),
('1017', 10, 'Sutim', ''),
('1018', 10, 'Widodo', ''),
('1019', 10, 'Mujiman', ''),
('102', 1, 'Eko', '4'),
('1020', 10, 'Paidi', ''),
('1021', 10, 'Ponidi', ''),
('1022', 10, 'Ramto Rejo', ''),
('1023', 10, 'Supardi', ''),
('1024', 10, 'Wagiyanto', ''),
('1025', 10, 'Marwanto', ''),
('1026', 10, 'Sukiyo', ''),
('1027', 10, 'Sugito', ''),
('1028', 10, 'Slamet Supriyadi', ''),
('1029', 10, 'Janem', ''),
('103', 1, 'Hermawan', '1'),
('1030', 10, 'Purnomo', ''),
('1031', 10, 'Warto Rejo', ''),
('1032', 10, 'Sugiman ', '3'),
('1033', 10, 'Sumiran', ''),
('1034', 10, 'Parjono', ''),
('1035', 10, 'Subiyanto', ''),
('1036', 10, 'Muhdiyono', ''),
('1037', 10, 'Wojiyo', ''),
('1038', 10, 'Darno', ''),
('1039', 10, 'Margiyono', ''),
('104', 1, 'Sudarwanto', '1'),
('1040', 10, 'Sutris', ''),
('1041', 10, 'Sumarno', ''),
('1042', 10, 'Darojah', ''),
('1043', 10, 'Heri Susanto', ''),
('1044', 10, 'Sunardiyono', ''),
('1045', 10, 'Mardi', ''),
('1046', 10, 'Jiyanto', ''),
('1047', 10, 'Sukimin', ''),
('1048', 10, 'Jarinah', ''),
('1049', 10, 'Metro Rejo ', '5'),
('105', 1, 'Setiyar', '1'),
('1050', 10, 'Warsito', ''),
('1051', 10, 'Sinambi', ''),
('1052', 10, 'Wagiyanto', ''),
('1053', 10, 'Karsono', ''),
('1054', 10, 'Priyo Diarjo', ''),
('1055', 10, 'Rebut', ''),
('1056', 10, 'Mulyani', ''),
('1057', 10, 'Sugiman', ''),
('1058', 10, 'Darno', ''),
('1059', 10, 'Ngatimin', ''),
('106', 1, 'Sumardi', ''),
('1060', 10, 'Mulyono', ''),
('1061', 10, 'Rejo Dinomo', ''),
('1062', 10, 'Wajiyono', ''),
('1063', 10, 'Adi Ngatiran', ''),
('1064', 10, 'Siswanto', ''),
('1065', 10, 'Winar', ''),
('1066', 10, 'Suyadi', ''),
('1067', 10, 'Sokarno Suwiryo', ''),
('1068', 10, 'Wasiran', ''),
('1069', 10, 'Wasito Rejo', ''),
('107', 1, 'Asturohman', ''),
('1070', 10, 'Suwardiyono', ''),
('1071', 10, 'Suparmiyati', ''),
('1072', 10, 'Basuki', ''),
('1073', 10, 'Sagimin', ''),
('1074', 10, 'Jumi', ''),
('1075', 10, 'Riyanto', ''),
('1076', 10, 'Aris', ''),
('1077', 10, 'Sugiman ', '1'),
('1078', 10, 'Novi Agus', ''),
('1079', 10, 'Manto', ''),
('108', 1, 'Mugiyono', '3'),
('1080', 10, 'Sarmuji', ''),
('1081', 10, 'Supandi', ''),
('1082', 10, 'Ngatijan', ''),
('1083', 10, 'Sugiran', ''),
('1084', 10, 'Sudar', ''),
('1085', 10, 'Prihono', ''),
('1086', 10, 'Sastro', ''),
('1087', 10, 'Suraji', ''),
('1088', 10, 'Yudiyanto', ''),
('1089', 10, 'Sugiyarto', ''),
('109', 1, 'Wagiyo / Wito Raharjo', '3'),
('1090', 10, 'Mugiyanto', ''),
('1091', 10, 'Ngatijan', ''),
('1092', 10, 'Pairin', ''),
('1093', 10, 'Lasono', ''),
('1094', 10, 'Yatiman', ''),
('1095', 10, 'Hariyono', ''),
('1096', 10, 'Wasiman', ''),
('1097', 10, 'Supariyah', ''),
('1098', 10, 'Rukiyanto', ''),
('1099', 10, 'Riyadi', ''),
('11', 1, 'Parmi ', '1'),
('110', 1, 'Tukiyono', '4'),
('1100', 10, 'Kerto', ''),
('1101', 10, 'Marto Rejo', ''),
('1102', 10, 'Joyo', ''),
('1103', 10, 'Purwanto', ''),
('1104', 10, 'Lasirun', ''),
('1105', 10, 'Siman', ''),
('1106', 10, 'Parji', ''),
('1107', 10, 'Panut', ''),
('1108', 10, 'Ponimin', ''),
('1109', 10, 'Tugiyanto', ''),
('111', 1, 'Kasmo Rejo', '1'),
('1110', 10, 'Wagiran', ''),
('1111', 10, 'Ponikin', ''),
('1112', 10, 'Sarto Rejo', ''),
('1113', 10, 'Nur Hadiyanto', ''),
('1114', 10, 'Sugiman ', '2'),
('1115', 10, 'Sambudi', ''),
('1116', 10, 'Sulasman', ''),
('1117', 10, 'Slamet Purwanto', ''),
('1118', 10, 'Ismantoro', ''),
('1119', 10, 'Wintolo', ''),
('112', 1, 'Subardi', '2'),
('1120', 10, 'Sukisman', ''),
('1121', 10, 'Jumiran', ''),
('1122', 10, 'Sugiyatmi', ''),
('1123', 10, 'Wasimin', ''),
('1124', 10, 'Watimin', ''),
('1125', 10, 'Adi Wiyanto', ''),
('1126', 10, 'Wagirin', ''),
('1127', 10, 'Sarjiyono', ''),
('1128', 11, 'Marwanto', ''),
('1129', 11, 'Daihari', ''),
('113', 1, 'Parjo', '1'),
('1130', 11, 'Ginardi', ''),
('1131', 11, 'Sudar', ''),
('1132', 11, 'Parlan', ''),
('1133', 11, 'Supri', ''),
('1134', 11, 'Paiman', ''),
('1135', 11, 'Suyoto', ''),
('1136', 11, 'Wadiyo', ''),
('1137', 11, 'Sugiyanto', ''),
('1138', 11, 'Dalipan', ''),
('1139', 11, 'Josentono', ''),
('114', 1, 'Pardiyo', '3'),
('1140', 11, 'Hendi', ''),
('1141', 11, 'Yoyok Priyadi', ''),
('1142', 11, 'Panto Utomo', ''),
('1143', 11, 'Senadi', ''),
('1144', 11, 'Poyo', ''),
('1145', 11, 'Diyono', ''),
('1146', 11, 'Suryanto', ''),
('1147', 11, 'Suradi', ''),
('1148', 11, 'Sugeng', ''),
('1149', 11, 'Tarwiyah', ''),
('115', 1, 'Wiyarjo', '3'),
('1150', 11, 'Suyono', ''),
('1151', 11, 'Siswanto', ''),
('1152', 11, 'Tukidi', ''),
('1153', 11, 'Suwito', ''),
('1154', 11, 'Jumadi', ''),
('1155', 11, 'Sutijan', ''),
('1156', 11, 'Khasan', ''),
('1157', 11, 'Supardo', ''),
('1158', 11, 'Hendri Setiawan', ''),
('1159', 11, 'Sandiyono', ''),
('116', 1, 'Poniman', '4'),
('1160', 11, 'Sarwiyah', ''),
('1161', 11, 'Supandi', ''),
('1162', 11, 'Heru', ''),
('1163', 11, 'Wagiman', ''),
('1164', 11, 'Susilo', ''),
('1165', 11, 'Tukidi', ''),
('1166', 11, 'Puryono', ''),
('1167', 11, 'Diyono', ''),
('1168', 11, 'Slamet', ''),
('1169', 11, 'Legiman', ''),
('117', 1, 'Eko Waluyo', '1'),
('1170', 11, 'Eko Susilo', ''),
('1171', 11, 'Sogiran', ''),
('1172', 11, 'Poniran', ''),
('1173', 11, 'Arisman', ''),
('1174', 11, 'Tuharyono', ''),
('1175', 11, 'Ngadiman', ''),
('1176', 11, 'Paiman', ''),
('1177', 11, 'Leginah', ''),
('1178', 11, 'Muji Winarno', ''),
('1179', 11, 'Panto', ''),
('118', 1, 'Slamet. T', '3'),
('1180', 11, 'Muryadi', ''),
('1181', 11, 'Suratno', ''),
('1182', 11, 'Pasmo', ''),
('1183', 11, 'Puryanto', ''),
('1184', 11, 'Padiyo', ''),
('1185', 11, 'Suradi', ''),
('1186', 11, 'Wasidi', ''),
('1187', 11, 'Ponidi', ''),
('1188', 11, 'Suridi', ''),
('1189', 11, 'Siswoyo', ''),
('119', 1, 'Legiyo', ''),
('1190', 12, 'Poniman', ''),
('1191', 12, 'Suryadi', ''),
('1192', 12, 'Wagirah', ''),
('1193', 12, 'Paijan', ''),
('1194', 12, 'Wasijan', ''),
('1195', 12, 'Tujiman', ''),
('1196', 12, 'Dirki', ''),
('1197', 12, 'Amar S', ''),
('1198', 12, 'Marojal', ''),
('1199', 12, 'Sugi', ''),
('12', 1, 'Rejo ', '3'),
('120', 1, 'Sugeng', ''),
('1200', 12, 'Tujiman', ''),
('1201', 12, 'Supriyanto', ''),
('1202', 12, 'Poniran', ''),
('1203', 12, 'Suparman', ''),
('1204', 12, 'Marojol', ''),
('1205', 12, 'Juminto', ''),
('1206', 12, 'Sugiman', ''),
('1207', 12, 'Suyanto', ''),
('1208', 12, 'Sanuriah', ''),
('1209', 12, 'Samsuri', ''),
('121', 1, 'Joyo', '3'),
('1210', 12, 'Widayat', ''),
('1211', 12, 'Eko Sumarwan', ''),
('1212', 12, 'Saewiyono', ''),
('1213', 12, 'Giyarto', ''),
('1214', 12, 'Sumbodo', ''),
('1215', 12, 'Dodik Harianto', ''),
('1216', 12, 'Aris', ''),
('1217', 12, 'Sugiran', ''),
('1218', 12, 'Riyanto', ''),
('1219', 12, 'Rubiyadi', ''),
('122', 1, 'Sarbini', '1'),
('1220', 12, 'Warjono', ''),
('1221', 12, 'Sumarta', ''),
('1222', 12, 'Irin', ''),
('1223', 12, 'Subardi', ''),
('1224', 12, 'Wahyudi', ''),
('1225', 12, 'Tuparman', ''),
('1226', 12, 'Lasugi', ''),
('1227', 12, 'Sumadi', ''),
('1228', 12, 'Sulami', ''),
('1229', 12, 'Darwiyono', ''),
('123', 1, 'Pardiyono', '3'),
('1230', 12, 'Tumiran', ''),
('1231', 12, 'Widadi', ''),
('1232', 12, 'Daryono', ''),
('1233', 12, 'Sabari', ''),
('1234', 12, 'Gayus', ''),
('1235', 12, 'Noto Wiharjo', ''),
('1236', 12, 'Diarjo', ''),
('1237', 12, 'Sugiran', ''),
('1238', 12, 'Rumaji', ''),
('1239', 12, 'Minto', ''),
('124', 1, 'Riyanto Agus', '3'),
('1240', 12, 'Tekad', ''),
('1241', 12, 'Sidiq', ''),
('1242', 12, 'Sumiran', ''),
('1243', 13, 'Senabiyanto', ''),
('1244', 13, 'Kardi', ''),
('1245', 13, 'Wahyudi / Wajir', ''),
('1246', 13, 'Sitar', ''),
('1247', 13, 'Wasito', ''),
('1248', 13, 'Suwito', ''),
('1249', 13, 'Ngadiyu', ''),
('125', 1, 'Agus Power', '2'),
('1250', 13, 'Lilik', ''),
('1251', 13, 'Triyono', ''),
('1252', 13, 'Jiran', ''),
('1253', 13, 'Sugito', ''),
('1254', 13, 'Topik', ''),
('1255', 13, 'Samsudi', ''),
('1256', 13, 'Pardiyono', ''),
('1257', 13, 'Tukimin', ''),
('1258', 13, 'Wajir', ''),
('1259', 13, 'Tumijan', ''),
('126', 1, 'Sosro', '3'),
('1260', 13, 'Slamet', ''),
('1261', 13, 'Ngatiran', ''),
('1262', 13, 'Joko', ''),
('1263', 13, 'Madiyono', ''),
('1264', 13, 'Supri', ''),
('1265', 13, 'Sumardi', ''),
('1266', 13, 'Sukiyanto', ''),
('1267', 13, 'Hendi', ''),
('1268', 13, 'Taryono', ''),
('1269', 13, 'Harisman', ''),
('127', 1, 'Hasim', '1'),
('1270', 13, 'Paerah', ''),
('1271', 13, 'Wasidi', ''),
('1272', 13, 'Sardiyono', ''),
('1273', 13, 'Widaryant', ''),
('1274', 13, 'Ariyanto', ''),
('1275', 13, 'Wasdi', ''),
('1276', 13, 'Endartoyo', ''),
('1277', 13, 'Sumyanto', ''),
('1278', 13, 'Harto', ''),
('1279', 13, 'Riyanto', ''),
('128', 1, 'Sunardi', '1'),
('1280', 13, 'Kasdi', ''),
('1281', 13, 'Gunawan', ''),
('1282', 13, 'Sikun', ''),
('1283', 13, 'Pardiman', ''),
('1284', 13, 'Eko Suyatno', ''),
('1285', 13, 'Sagi', ''),
('1286', 13, 'Aris', ''),
('1287', 13, 'Maryati', ''),
('129', 1, 'Suwarman', '1'),
('13', 1, 'Sudarsono ', ''),
('130', 2, 'Sugimin', ''),
('131', 2, 'Sumardiyono', ''),
('132', 2, 'Jumiyo', ''),
('133', 2, 'Syarifudin', ''),
('134', 2, 'Gati', ''),
('135', 2, 'Paimin', ''),
('136', 2, 'Sutoyo', ''),
('137', 2, 'Asmudi', ''),
('138', 2, 'Warto Rejo', ''),
('139', 2, 'Wahono', ''),
('14', 1, 'Tumiso ', '2'),
('140', 2, 'Hendi', ''),
('141', 2, 'Legiyo', ''),
('142', 2, 'Kisno', ''),
('143', 2, 'Aziz', ''),
('144', 2, 'Paimin', ''),
('145', 2, 'Kuswadi', ''),
('146', 2, 'Endrik Riyanto', ''),
('147', 2, 'Sugiran', ''),
('148', 2, 'Sunar', ''),
('149', 2, 'Supiran', ''),
('15', 1, 'Yudanta ', '1'),
('150', 2, 'Galuh', ''),
('151', 2, 'Landari', ''),
('152', 2, 'Suprayitno', ''),
('153', 2, 'Leginem', ''),
('154', 2, 'Udiyono', ''),
('155', 2, 'Wagiyo', ''),
('156', 2, 'Budi Martoyo', ''),
('157', 2, 'Giyanto', ''),
('158', 2, 'Tini', ''),
('159', 2, 'Legimin', ''),
('16', 1, 'Munawar ', '4'),
('160', 2, 'Giyanto', ''),
('161', 2, 'Suwandi', ''),
('162', 2, 'Sumiran', ''),
('163', 2, 'Hasan', ''),
('164', 2, 'Ponijo', ''),
('165', 2, 'Wakino', ''),
('166', 2, 'Sugiman', ''),
('167', 2, 'Sugiyon', ''),
('168', 2, 'Supriyani', ''),
('169', 2, 'Suroto', ''),
('17', 1, 'Slamet  B', '3'),
('170', 2, 'Jodiryo', ''),
('171', 2, 'Kirjo', ''),
('172', 2, 'Wajiyono', ''),
('173', 2, 'Martoyo', ''),
('174', 2, 'Eko', ''),
('175', 2, 'Legiman', ''),
('176', 2, 'Ngatmo', ''),
('177', 2, 'Legiyo', ''),
('178', 2, 'Warsidi', ''),
('179', 2, 'Wajiyono', ''),
('18', 1, 'Nur ', '3'),
('180', 2, 'Partimin', ''),
('181', 2, 'Wagino', ''),
('182', 2, 'Mitro', ''),
('183', 2, 'Pawiro', ''),
('184', 2, 'Iwan', ''),
('185', 2, 'Semi', ''),
('186', 2, 'Yudi', ''),
('187', 2, 'Budi Martoyo', ''),
('188', 2, 'Suroto', ''),
('189', 2, 'Supriyono', ''),
('19', 1, 'Suharmanto ', '2'),
('190', 2, 'Parjo', ''),
('191', 2, 'Sumirah', ''),
('192', 2, 'Wakino', ''),
('193', 2, 'Sugiran', ''),
('194', 2, 'Hasan', ''),
('195', 2, 'Supiran', ''),
('196', 2, 'Suwandri', ''),
('197', 2, 'Azis', ''),
('198', 2, 'Samsudi', ''),
('199', 2, 'Legimin', ''),
('2', 1, 'Hasan', '2'),
('20', 1, 'Giyanto ', '3'),
('200', 2, 'Marto', ''),
('201', 2, 'Landari', ''),
('202', 2, 'Sutinem', ''),
('203', 2, 'Kardi', ''),
('204', 2, 'Marwanto', ''),
('205', 2, 'Mariyanto', ''),
('206', 2, 'Hendi', ''),
('207', 2, 'Jumiyo', ''),
('208', 2, 'Wartorejo', ''),
('209', 2, 'Dedi', ''),
('21', 1, 'Sumadi ', '3'),
('210', 2, 'Hargo', ''),
('211', 2, 'Giyanto', ''),
('212', 2, 'Partimin', ''),
('213', 2, 'Sugiyandi', ''),
('214', 2, 'Sutanto', ''),
('215', 2, 'Suparman', ''),
('216', 2, 'Sukamto', ''),
('217', 2, 'Riyadi', ''),
('218', 2, 'Slamet', ''),
('219', 2, 'Hudi', ''),
('22', 1, 'Arif ', '3'),
('220', 2, 'Suratman', ''),
('221', 2, 'Kirjo Dinomo', ''),
('222', 2, 'Wasiman', ''),
('223', 2, 'Jupriyanto', ''),
('224', 2, 'Karsidi', ''),
('225', 2, 'Jawadi', ''),
('226', 2, 'Kardiyono', ''),
('227', 2, 'Poniyem', ''),
('228', 2, 'Slamet. P', ''),
('229', 2, 'Sugeng Arwanto', ''),
('23', 1, 'Wakiran ', '4'),
('230', 2, 'Sujiran', ''),
('231', 2, 'Sukadi', ''),
('232', 2, 'Sukiman', ''),
('233', 2, 'sumar', ''),
('234', 2, 'Sumarjiyono', ''),
('235', 2, 'Supanto', ''),
('236', 2, 'Supar', ''),
('237', 2, 'Supri', ''),
('238', 2, 'Supriyanto', ''),
('239', 2, 'Suratman', ''),
('24', 1, 'Sukar ', '1'),
('240', 2, 'Suratno', ''),
('241', 2, 'Suroto', ''),
('242', 2, 'Susanto', ''),
('243', 2, 'Sutanto', ''),
('244', 2, 'Suwiyanto', ''),
('245', 2, 'Suyanto', ''),
('246', 2, 'Tugiyono', ''),
('247', 2, 'Tumijem', ''),
('248', 2, 'Wagino', ''),
('249', 2, 'Wajiyono', ''),
('25', 1, 'Yahya ', '1'),
('250', 2, 'Warsidi', ''),
('251', 2, 'Wiro', ''),
('252', 2, 'Wito Utomo', ''),
('253', 2, 'Yeri Purwanto', ''),
('254', 3, 'Surahyo', ''),
('255', 3, 'Senen', ''),
('256', 3, 'Bimo', ''),
('257', 3, 'Paryanto', ''),
('258', 3, 'Hudi', ''),
('259', 3, 'Budiyanto', ''),
('26', 1, 'Sugiyanto', '3'),
('260', 3, 'Sugiran', ''),
('261', 3, 'Purwanto', ''),
('262', 3, 'Panudi', ''),
('263', 3, 'Wagimin/wajiyono', ''),
('264', 3, 'Agung', ''),
('265', 3, 'Alif', ''),
('266', 3, 'Jumiyo', ''),
('267', 3, 'Wanto', ''),
('268', 3, 'Legimin', ''),
('269', 3, 'Gimo', ''),
('27', 1, 'Yusli ', '1'),
('270', 3, 'Maryono', ''),
('271', 3, 'Titin', ''),
('272', 3, 'Supardiyono (permo)', ''),
('273', 3, 'Margiyono', ''),
('274', 3, 'Suwandi', ''),
('275', 3, 'Agus', ''),
('276', 3, 'Tugiran ', ''),
('277', 3, 'Ngatiman', ''),
('278', 3, 'Yanto', ''),
('279', 3, 'Karso', ''),
('28', 1, 'Jumiran ', '3'),
('280', 3, 'Saryono', ''),
('281', 3, 'Danang', ''),
('282', 3, 'Agung', ''),
('283', 3, 'Paijan', ''),
('284', 3, 'Suprih', ''),
('285', 3, 'Jumiran', ''),
('286', 3, 'Wagiman', ''),
('287', 3, 'Budiyanto', ''),
('288', 3, 'Margo Yuwono', ''),
('289', 3, 'Marman', ''),
('29', 1, 'Paeno ', '1'),
('290', 3, 'Pomdi', ''),
('291', 3, 'Ponimin / purwanto', ''),
('292', 3, 'Sukadi', ''),
('293', 3, 'Ngatimin', ''),
('294', 3, 'Pujo', ''),
('295', 3, 'Tugiman', ''),
('296', 3, 'Wahyudi', ''),
('297', 3, 'Sukiman', ''),
('298', 3, 'Ismanto', ''),
('299', 3, 'Suwardi', ''),
('3', 1, 'Ahmad Sabari', '1'),
('30', 1, 'Martoyo ', '3'),
('300', 3, 'Mediyanto', ''),
('301', 3, 'Surahyo', ''),
('302', 3, 'Wajiyono', ''),
('303', 3, 'Suparno', ''),
('304', 3, 'Marto', ''),
('305', 3, 'Rubiman', ''),
('306', 3, 'Sosotomo', ''),
('307', 3, 'Sawiyem', ''),
('308', 3, 'Ngatimin Purwanto', ''),
('309', 3, 'Poniman', ''),
('31', 1, 'Jono ', '3'),
('310', 3, 'Sukadi Hendra', ''),
('311', 3, 'Ponidi', ''),
('312', 3, 'Yulianto', ''),
('313', 3, 'Samijan', ''),
('314', 3, 'Kardiyono', ''),
('315', 3, 'Paidi', ''),
('316', 3, 'Kiswanto', ''),
('317', 3, 'Wasi', ''),
('318', 3, 'Poniran', ''),
('319', 3, 'Daryanto', ''),
('32', 1, 'Wanto ', '3'),
('320', 3, 'Witarjo', ''),
('321', 3, 'Wiardi', ''),
('322', 3, 'Warsidi', ''),
('323', 3, 'Lestari', ''),
('324', 3, 'Suprih', ''),
('325', 3, 'Parji', ''),
('326', 3, 'Eko Wahyudi', ''),
('327', 3, 'Gimin', ''),
('328', 3, 'Nadi', ''),
('329', 3, 'Panggung', ''),
('33', 1, 'Yulianto ', '1'),
('330', 3, 'Bariwanto', ''),
('331', 3, 'Sumarman', ''),
('332', 3, 'Tumidi', ''),
('333', 3, 'Sugiman', ''),
('334', 3, 'Sowiharjo', ''),
('335', 3, 'Hartono', ''),
('336', 3, 'Nardi', ''),
('337', 3, 'Tugirin', ''),
('338', 3, 'Paimin', ''),
('339', 3, 'Wakijo', ''),
('34', 1, 'Rohadi ', '1'),
('340', 3, 'Adi Nandra', ''),
('341', 3, 'Wardi', ''),
('342', 3, 'Widi ', '4'),
('343', 3, 'Ngatijan', ''),
('344', 3, 'Josuwito', ''),
('345', 3, 'Wahadi', ''),
('346', 3, 'Widiarjo', ''),
('347', 3, 'Wasidi', ''),
('348', 3, 'Mardi', ''),
('349', 3, 'Sulistiyo', ''),
('35', 1, 'Sidiq ', '1'),
('350', 3, 'Rejo', ''),
('351', 3, 'Suparno', ''),
('352', 3, 'Suroso', ''),
('353', 3, 'Puryanto', ''),
('354', 3, 'Suwarto', ''),
('355', 3, 'Triyanto', ''),
('356', 3, 'Hariyantoo', ''),
('357', 3, 'Rohmad', ''),
('358', 3, 'Didik', ''),
('359', 3, 'Tukimin', ''),
('36', 1, 'Kiryono ', '4'),
('360', 3, 'Misran', ''),
('361', 3, 'Sis Ngatiran', ''),
('362', 3, 'Eko Sudarminto', ''),
('363', 3, 'Haryono', ''),
('364', 3, 'Dika', ''),
('365', 3, 'Sulandri', ''),
('366', 3, 'Panudi', ''),
('367', 3, 'Sugiyono', ''),
('368', 3, 'Ngatir', ''),
('369', 3, 'Miarto', ''),
('37', 1, 'Sudiyono', '4'),
('370', 3, 'Jimin', ''),
('371', 3, 'Samiran', '5'),
('372', 3, 'Mijan', ''),
('373', 3, 'Giran', ''),
('374', 3, 'Ponidi', ''),
('375', 3, 'Wagimin', '3'),
('376', 3, 'Ponidi ', '2'),
('377', 3, 'Naryanto', ''),
('378', 3, 'Samsudi', ''),
('379', 3, 'Suwarto', ''),
('38', 1, 'Tumiran ', '3'),
('380', 4, 'Mujianto', ''),
('381', 4, 'Warsiyanto', ''),
('382', 4, 'Jimin', ''),
('383', 4, 'Supriyanto', ''),
('384', 4, 'Wagiman', ''),
('385', 4, 'Suwardi', ''),
('386', 4, 'Kardiyono', ''),
('387', 4, 'Poniran', ''),
('388', 4, 'Sugiman', ''),
('389', 4, 'Muryono', ''),
('39', 1, 'Sodiarjo ', '1'),
('390', 4, 'Harsoyo', ''),
('391', 4, 'Ngatiran', ''),
('392', 4, 'Tukardi', ''),
('393', 4, 'Jowiryo', ''),
('394', 4, 'Zamrodin', ''),
('395', 4, 'Dedi', ''),
('396', 4, 'Darman', ''),
('397', 4, 'Susilo', ''),
('398', 4, 'Karto Rejo', ''),
('399', 4, 'Paimah', ''),
('4', 1, 'Warsidi', '4'),
('40', 1, 'Sardi', '3'),
('400', 4, 'Suwandi', ''),
('401', 4, 'Tugiyono', ''),
('402', 4, 'Triyanto', ''),
('403', 4, 'Sigit', ''),
('404', 4, 'Suminto', ''),
('405', 4, 'Samidi', ''),
('406', 4, 'Jumiran', ''),
('407', 4, 'Suyono', ''),
('408', 4, 'Puji', ''),
('409', 4, 'Midi', ''),
('41', 1, 'Karyontono', '4'),
('410', 4, 'Ngatirin', ''),
('411', 4, 'Suryadi', ''),
('412', 4, 'Bahrozi', ''),
('413', 4, 'Tupardi', ''),
('414', 4, 'Sumarmin', ''),
('415', 4, 'Dani Sugiyanto', ''),
('416', 4, 'Warsiyanto', ''),
('417', 4, 'Ngaderi', ''),
('418', 4, 'Siswanto', ''),
('419', 4, 'Sumiran', ''),
('42', 1, 'Sutris', '2'),
('420', 4, 'Jumardi', ''),
('421', 4, 'Ngadiran', ''),
('422', 4, 'Parwidi', ''),
('423', 4, 'Tulasi', ''),
('424', 4, 'Sumadi', ''),
('425', 4, 'Pardiman', ''),
('426', 4, 'Musiran', ''),
('427', 4, 'Winarto/kaseimin', ''),
('428', 4, 'Kamto Rejo', ''),
('429', 4, 'Marji', ''),
('43', 1, 'Yahya', ''),
('430', 4, 'Giran', ''),
('431', 4, 'Haryanto', ''),
('432', 4, 'Giyatno', ''),
('433', 4, 'Ponikin', ''),
('434', 4, 'Purjono', ''),
('435', 4, 'Agus ', '2'),
('436', 4, 'Yatmojo', ''),
('437', 4, 'Arwan', ''),
('438', 4, 'Poniran ', '4'),
('439', 4, 'Purwandi', ''),
('44', 1, 'Dwi', '2'),
('440', 4, 'Pujiyono', ''),
('441', 4, 'Wasiran', ''),
('442', 4, 'Sudarno', ''),
('443', 4, 'Jimo/marjiyanto', ''),
('444', 4, 'Wagirin', ''),
('445', 4, 'Andrian', ''),
('446', 4, 'Suwanto', ''),
('447', 4, 'Sumarno', ''),
('448', 4, 'Ardi Sungkeni', ''),
('449', 4, 'Mugiyanto', ''),
('45', 1, 'Pawiro', '2'),
('450', 4, 'Sukiran', ''),
('451', 4, 'Jumeno', ''),
('452', 4, 'Maryanto', ''),
('453', 4, 'Janu', ''),
('454', 4, 'Suratman', ''),
('455', 4, 'Wagiran', ''),
('456', 4, 'Misran', ''),
('457', 4, 'Tukiyat', ''),
('458', 4, 'Daliyono', ''),
('459', 4, 'Agus', ''),
('46', 1, 'Seman', '1'),
('460', 4, 'Sabar Riyanto', ''),
('461', 4, 'Teguh Sudarminto', ''),
('462', 4, 'Samsul Bahri', ''),
('463', 4, 'Asep', ''),
('464', 4, 'Hermansyah', ''),
('465', 4, 'Purwanto', ''),
('466', 4, 'Suwandi', ''),
('467', 4, 'Muryanto', ''),
('468', 4, 'Supriyono', ''),
('469', 4, 'Mugiyarjo', ''),
('47', 1, 'Muhsardi', '1'),
('470', 4, 'Bardi', ''),
('471', 4, 'Samsul', ''),
('472', 4, 'Mugi', ''),
('473', 4, 'Arisman', ''),
('474', 4, 'Musari', ''),
('475', 4, 'Tumin', ''),
('476', 4, 'Ratno', ''),
('477', 4, 'Tumiran', ''),
('478', 4, 'Sukirdi', ''),
('479', 4, 'Wagiyanto', ''),
('48', 1, 'Gunawan ', '1'),
('480', 4, 'Sugiyanto', ''),
('481', 4, 'Suhadi', ''),
('482', 4, 'Ngatijan', ''),
('483', 4, 'Ari Setiawan', ''),
('484', 4, 'Sugiyanto', ''),
('485', 4, 'Kasmo', ''),
('486', 4, 'Point', ''),
('487', 4, 'Imam', ''),
('488', 4, 'Teguh ', '5'),
('489', 4, 'Ginu/suwardoyo', ''),
('49', 1, 'Sukiran', '1'),
('490', 4, 'Wasinem', ''),
('491', 4, 'Poniah', ''),
('492', 4, 'Dwi Nuryanto', ''),
('493', 4, 'Lasugi', ''),
('494', 4, 'Susilo', ''),
('495', 4, 'Budi Priyanto', ''),
('496', 4, 'Tumar', ''),
('497', 4, 'Suyanto', ''),
('498', 4, 'Fitrianingsih', ''),
('499', 4, 'Arisman', ''),
('5', 1, 'Edi ', '1'),
('50', 1, 'Jiran', '3'),
('500', 5, 'Aditya', ''),
('501', 5, 'Amad Saroni', ''),
('502', 5, 'Arif', ''),
('503', 5, 'Arjo Giman', ''),
('504', 5, 'Barwanto', ''),
('505', 5, 'Barwanto', ''),
('506', 5, 'Dayat', ''),
('507', 5, 'Diarjo', ''),
('508', 5, 'Eko', ''),
('509', 5, 'Fajar', ''),
('51', 1, 'Poniman ', '3'),
('510', 5, 'Giyatman', ''),
('511', 5, 'Gono', ''),
('512', 5, 'Hadi Susanto', ''),
('513', 5, 'Jajar', ''),
('514', 5, 'Jiman', ''),
('515', 5, 'Joko Puryanto', ''),
('516', 5, 'Jumar ', '6'),
('517', 5, 'Jumardi ', '2'),
('518', 5, 'Kamto', ''),
('519', 5, 'Kismorejo', ''),
('52', 1, 'Warsidi', '4'),
('520', 5, 'Lasiri', ''),
('521', 5, 'Legimin', ''),
('522', 5, 'Legiran', ''),
('523', 5, 'Mardimin', ''),
('524', 5, 'Mistakhul Huda', ''),
('525', 5, 'Mugiyarto', ''),
('526', 5, 'Mugiyono', ''),
('527', 5, 'Mujiyono', ''),
('528', 5, 'Ngatijan', ''),
('529', 5, 'Paidi', ''),
('53', 1, 'Kamto Prayitno', '1'),
('530', 5, 'Painem', ''),
('531', 5, 'Partini', ''),
('532', 5, 'Prayitno', ''),
('533', 5, 'Rubiyanto', ''),
('534', 5, 'Ruji', ''),
('535', 5, 'Sabar', ''),
('536', 5, 'Sagiran', ''),
('537', 5, 'Sarijan', ''),
('538', 5, 'Sarjono', ''),
('539', 5, 'Sarto', ''),
('54', 1, 'Ngatiran', ''),
('540', 5, 'Sarwadi', ''),
('541', 5, 'Siswanto ', '2'),
('542', 5, 'Siswiyanto', ''),
('543', 5, 'Sugi/misran', ''),
('544', 5, 'Sugiran', ''),
('545', 5, 'Sugiyanto', ''),
('546', 5, 'Suhendra', ''),
('547', 5, 'Sukiyanto', ''),
('548', 5, 'Sumadi', ''),
('549', 5, 'Sumardi', ''),
('55', 1, 'Parjo', ''),
('550', 5, 'Sumardiyono', ''),
('551', 5, 'Sunarto', ''),
('552', 5, 'Sunaryanto', ''),
('553', 5, 'Supanto', ''),
('554', 5, 'Suratno', ''),
('555', 5, 'Suwardiyono', ''),
('556', 5, 'Suyamno', ''),
('557', 5, 'Tamsir', ''),
('558', 5, 'Triyono', ''),
('559', 5, 'Triyono', ''),
('56', 1, 'Poniran', '1'),
('560', 5, 'Tugiran', ''),
('561', 5, 'Tugiyono', ''),
('562', 5, 'Tumiran', ''),
('563', 5, 'Udiyono', ''),
('564', 5, 'Wagimin', ''),
('565', 5, 'Walidi ', '4'),
('566', 5, 'Walidi ', '2'),
('567', 5, 'Warto Rejo', ''),
('568', 5, 'Widi', ''),
('569', 5, 'Parimin', ''),
('57', 1, 'Ponirin', '3'),
('570', 5, 'Tugimin', ''),
('571', 5, 'Hari', ''),
('572', 5, 'Sukadi', ''),
('573', 5, 'Karsono', ''),
('574', 5, 'Bardi', ''),
('575', 5, 'Girin ', ''),
('576', 5, 'Ponidi', ''),
('577', 5, 'Sulaiman', ''),
('578', 5, 'Parno', ''),
('579', 5, 'Marsidi', ''),
('58', 1, 'Parimin', '1'),
('580', 5, 'Tri Swanto', ''),
('581', 5, 'Pardiyono', ''),
('582', 5, 'Sunarto', ''),
('583', 5, 'Sugiran', ''),
('584', 5, 'Saiman', ''),
('585', 5, 'Marwanto', ''),
('586', 5, 'Khoiri', ''),
('587', 5, 'Riyanto', ''),
('588', 5, 'Nurdiyanto', ''),
('589', 5, 'Siswanto ', '2'),
('59', 1, 'Tukiyanto', '1'),
('590', 5, 'Iran Haryanto', ''),
('591', 5, 'Sugiran ', ''),
('592', 5, 'Purwanto', ''),
('593', 5, 'Sutam', ''),
('594', 5, 'Paijo', ''),
('595', 5, 'Suratno', ''),
('596', 5, 'Supriyadi ', '6'),
('597', 5, 'Jupri', ''),
('598', 5, 'Imam Badawi', ''),
('599', 5, 'Yanto', ''),
('6', 1, 'Adi. P', '2'),
('60', 1, 'Sugito', '3'),
('600', 5, 'Heriyanto', ''),
('601', 5, 'Suhendro', ''),
('602', 5, 'Yatemo', ''),
('603', 5, 'Suwido', ''),
('604', 5, 'Suradiman', ''),
('605', 5, 'Suharsono', ''),
('606', 5, 'Basuki', ''),
('607', 5, 'Jumardi ', '5'),
('608', 5, 'Sholeh', ''),
('609', 5, 'Daroji', ''),
('61', 1, 'Teguh Rahayu', '1'),
('610', 5, 'Usdiyono', ''),
('611', 5, 'Didik', ''),
('612', 5, 'Sugimin', ''),
('613', 5, 'Supriyanto', ''),
('614', 5, 'Sugiyono', ''),
('615', 5, 'Karsono', ''),
('616', 5, 'Eko Maryanto', ''),
('617', 5, 'Ngatimin', ''),
('618', 5, 'Surajiman', ''),
('619', 5, 'Poniran', ''),
('62', 1, 'Kiryono', '4'),
('620', 5, 'Ngadiyono', ''),
('621', 5, 'Supriyadi', ''),
('622', 5, 'Sugeng', ''),
('623', 5, 'Winardi', ''),
('624', 5, 'Suwido', ''),
('625', 5, 'Paeno', ''),
('626', 5, 'Legiyo', ''),
('627', 5, 'Giyatno', ''),
('628', 5, 'Warto Rejo', ''),
('629', 5, 'Sumarni', ''),
('63', 1, 'Warto', '3'),
('630', 5, 'Barjo', ''),
('631', 6, 'Wasito', ''),
('632', 6, 'Albajuri', ''),
('633', 6, 'Maryanto', ''),
('634', 6, 'Pardi', ''),
('635', 6, 'Harto', ''),
('636', 6, 'Sholeh', ''),
('637', 6, 'Basir', ''),
('638', 6, 'Wardani', ''),
('639', 6, 'Ponikem', ''),
('64', 1, 'Winarto', '3'),
('640', 6, 'Yatmini', ''),
('641', 6, 'Wawan', ''),
('642', 6, 'Lamhari', ''),
('643', 6, 'Sugiyono', ''),
('644', 6, 'Winardi', ''),
('645', 6, 'Poniran', ''),
('646', 6, 'Giyatman', ''),
('647', 6, 'Elis Suwanto', ''),
('648', 6, 'Giyatno', ''),
('649', 6, 'Heri ', ''),
('65', 1, 'Tugiyanto', '2'),
('650', 6, 'Wakidi', ''),
('651', 6, 'Rinto', ''),
('652', 6, 'Ngadiran', ''),
('653', 6, 'Marwanto', ''),
('654', 6, 'Dwi Surahman', ''),
('655', 6, 'M. Ali Mustofa', ''),
('656', 6, 'Rohmadi', ''),
('657', 6, 'Wagimin', ''),
('658', 6, 'Ranu Rejo', ''),
('659', 6, 'Giyono', ''),
('66', 1, 'Sholikin / Kencus', ''),
('660', 6, 'Sigit', ''),
('661', 6, 'Wiyanto/gimin', ''),
('662', 6, 'Suyadi', ''),
('663', 6, 'Subagyo', ''),
('664', 6, 'Purwanto', ''),
('665', 6, 'Zaenal', ''),
('666', 6, 'Rubiyo', ''),
('667', 6, 'Sutardi', ''),
('668', 6, 'Ngatemo', ''),
('669', 6, 'Muhari Triyono', ''),
('67', 1, 'Tumijo', '2'),
('670', 6, 'Muhdiyono', ''),
('671', 6, 'Sugiran', ''),
('672', 6, 'Wagiman', ''),
('673', 6, 'Ponimin (widiyanto)', ''),
('674', 6, 'Suyanti', ''),
('675', 6, 'Mugiyanto', ''),
('676', 6, 'Sukarman', ''),
('677', 6, 'Tumijo', ''),
('678', 6, 'Zaenuri', ''),
('679', 6, 'Sukijo', ''),
('68', 1, 'Sis Poniran', '1'),
('680', 6, 'Sugeng', ''),
('681', 6, 'Ashari', ''),
('682', 6, 'Samsuhadi', ''),
('683', 6, 'Madiyono', ''),
('684', 6, 'Tukiman', ''),
('685', 6, 'Sugiyanto', ''),
('686', 6, 'Warjiyanto', ''),
('687', 6, 'Doni Prasetya', ''),
('688', 6, 'Gunawan', ''),
('689', 6, 'Tugiman', ''),
('69', 1, 'Sunaryo/Paidi', '1'),
('690', 6, 'Tuwuh', ''),
('691', 6, 'Lasiri', ''),
('692', 6, 'Jumarwan', ''),
('693', 6, 'Marto Sentono', ''),
('694', 6, 'Legimin', ''),
('695', 6, 'Selo', ''),
('696', 6, 'Parjo', ''),
('697', 6, 'Budiyanto', ''),
('698', 6, 'Priyadi', ''),
('699', 6, 'Narto Utomo', ''),
('7', 1, 'Sugimin /Asturohman ', '4'),
('70', 1, 'Suparmi', ''),
('700', 6, 'Wahono', ''),
('701', 6, 'Triyono', ''),
('702', 6, 'Nur Arif', ''),
('703', 6, 'Wagimin', ''),
('704', 6, 'Samidi', ''),
('705', 6, 'Wagiyah', ''),
('706', 6, 'Ngadiyono', ''),
('707', 6, 'Zamroni', ''),
('708', 6, 'Warno', ''),
('709', 6, 'Nuri', ''),
('71', 1, 'Joko', '1'),
('710', 6, 'Wito Sentono', ''),
('711', 6, 'Tukiran', ''),
('712', 6, 'Sudarmo', ''),
('713', 6, 'Gimin', ''),
('714', 6, 'Jumikan', ''),
('715', 6, 'Mujiyono', ''),
('716', 6, 'Suro', ''),
('717', 6, 'Adi Wiyanto', ''),
('718', 6, 'Rudi Hermanto', ''),
('719', 6, 'Tugiyono', ''),
('72', 1, 'Sumiran / Ganding / Sumiyanto', '4'),
('720', 6, 'M. Hanif', ''),
('721', 6, 'Warso', ''),
('722', 6, 'Joyo Sogiran', ''),
('723', 6, 'Suyadi', ''),
('724', 6, 'Puryanto', ''),
('725', 6, 'Wahyu Hariyanto', ''),
('726', 6, 'Eko', ''),
('727', 6, 'Arjo Sidal', ''),
('728', 6, 'Tukiman', ''),
('729', 6, 'Ariyanto', ''),
('73', 1, 'Jumar', ''),
('730', 6, 'Sokerto', ''),
('731', 6, 'Trio Purnomo', ''),
('732', 6, 'Yanto ', '3'),
('733', 6, 'Marwanto', ''),
('734', 6, 'Jumadi', ''),
('735', 6, 'Jamaludin', ''),
('736', 6, 'Yamto', ''),
('737', 7, 'Dwi Yanto', ''),
('738', 7, 'Tarwidi', ''),
('739', 7, 'Yasir', ''),
('74', 1, 'Sodiq', '3'),
('740', 7, 'Sudarman', ''),
('741', 7, 'Tukiyadi', ''),
('742', 7, 'Diharjo', ''),
('743', 7, 'Tujiyanto', ''),
('744', 7, 'Madi', ''),
('745', 7, 'Suradi', ''),
('746', 7, 'Mardiyono', ''),
('747', 7, 'Joyo Rejo', ''),
('748', 7, 'Sutarwan', ''),
('749', 7, 'Prapto Wiyono', ''),
('75', 1, 'Mugiyarto', '3'),
('750', 7, 'Amir Mahmud', ''),
('751', 7, 'Pardi', ''),
('752', 7, 'Janarko', ''),
('753', 7, 'Usman', ''),
('754', 7, 'Abas', ''),
('755', 7, 'M. Huri', ''),
('756', 7, 'Narto', ''),
('757', 7, 'Timbul', ''),
('758', 7, 'Ngatiran', ''),
('759', 7, 'Sudarmawan', ''),
('76', 1, 'Poniman', ''),
('760', 7, 'Jiran arjo', ''),
('761', 7, 'Subardi', ''),
('762', 7, 'Sugeng', ''),
('763', 7, 'Wagino', ''),
('764', 7, 'Subadi', ''),
('765', 7, 'Manis', ''),
('766', 7, 'Suparman', ''),
('767', 7, 'Sujiyat', ''),
('768', 7, 'Tumin', ''),
('769', 7, 'Wito', ''),
('77', 1, 'Arjodinomo', '2'),
('770', 7, 'Besari', ''),
('771', 7, 'Ngadiman', ''),
('772', 7, 'Sunar', ''),
('773', 7, 'Mardiwiyono', ''),
('774', 7, 'Giyardi', ''),
('775', 7, 'Wito Sentono', ''),
('776', 7, 'Misdi', ''),
('777', 7, 'Sutardiyono', ''),
('778', 7, 'Ansori', ''),
('779', 7, 'Sundari', ''),
('78', 1, 'Rahmad', ''),
('780', 7, 'Rina', ''),
('781', 7, 'Riyanto', ''),
('782', 7, 'Sunarjo', ''),
('783', 7, 'Poniran', ''),
('784', 7, 'Yadiyono', ''),
('785', 7, 'Madi', ''),
('786', 7, 'Pardiman', ''),
('787', 7, 'Rohadi', ''),
('788', 7, 'Tukiman', ''),
('789', 7, 'Katirah', ''),
('79', 1, 'Ngadiyu', '1'),
('790', 7, 'Amir Mahmud', ''),
('791', 7, 'Sutaryo', ''),
('792', 7, 'Sowirejo', ''),
('793', 7, 'Warso', ''),
('794', 7, 'Jumar', ''),
('795', 7, 'Kasan (Sriyanto)', ''),
('796', 7, 'Ponijan', ''),
('797', 7, 'Suwadi', ''),
('798', 7, 'Sukiyem', ''),
('799', 7, 'Darmanto', ''),
('8', 1, 'Margiyanto ', '3'),
('80', 1, 'Priyo/tukimin', '2'),
('800', 7, 'Waliman', ''),
('801', 7, 'Tukiran', ''),
('802', 7, 'Daryono', ''),
('803', 7, 'Sugi', ''),
('804', 7, 'Sarwoto', ''),
('805', 7, 'Yatin', ''),
('806', 7, 'Sutar ', '1'),
('807', 7, 'Eko', ''),
('808', 7, 'Ngatinem', ''),
('809', 7, 'Jumakir', ''),
('81', 1, 'Muhadi', ''),
('810', 7, 'Wiyono', ''),
('811', 7, 'Jumirin', ''),
('812', 7, 'Suwardi', ''),
('813', 8, 'Ngabdani', ''),
('814', 8, 'Mardiyanto', ''),
('815', 8, 'Wadiyono', ''),
('816', 8, 'Suwandi', ''),
('817', 8, 'Karsono', ''),
('818', 8, 'Tukiyadi', ''),
('819', 8, 'Nuri', ''),
('82', 1, 'Sowarjo', '1'),
('820', 8, 'Andriyanto', ''),
('821', 8, 'Ponijan', ''),
('822', 8, 'Kaliman', ''),
('823', 8, 'Barjiyanto', ''),
('824', 8, 'Darjo', ''),
('825', 8, 'Harto Utomo', ''),
('826', 8, 'Ponijem', ''),
('827', 8, 'Rejo', ''),
('828', 8, 'Maknaniyanto', ''),
('829', 8, 'Rofika Murdiyanto', ''),
('83', 1, 'Ramto Utomo', '2'),
('830', 8, 'Fadoli', ''),
('831', 8, 'Adi Sumarno', ''),
('832', 8, 'Waldiyanto', ''),
('833', 8, 'Eko Prasetyo', ''),
('834', 8, 'Ngatinem', ''),
('835', 8, 'Azis', ''),
('836', 8, 'Misran', ''),
('837', 8, 'Kiryono', ''),
('838', 8, 'Poniran', ''),
('839', 8, 'Saeran', ''),
('84', 1, 'Mariyanto', ''),
('840', 8, 'Ginarjo', ''),
('841', 8, 'Pardiyono', ''),
('842', 8, 'Jauhari', ''),
('843', 8, 'Mukiran', ''),
('844', 8, 'Sulasno', ''),
('845', 8, 'Wakimin', ''),
('846', 8, 'Ngatiran', ''),
('847', 8, 'Samsuri', ''),
('848', 8, 'Hendri', ''),
('849', 8, 'Ngatirin', ''),
('85', 1, 'Wahadi', '1'),
('850', 8, 'Parmo Rejo', ''),
('851', 8, 'Sudaryono', ''),
('852', 8, 'Sokiman', ''),
('853', 8, 'Sapari', ''),
('854', 8, 'Sutarjo', ''),
('855', 8, 'Supriyanto', ''),
('856', 8, 'Suprihatin', ''),
('857', 8, 'Sagiman', ''),
('858', 8, 'Andriyanto', ''),
('859', 8, 'Lasidi', ''),
('86', 1, 'Suwandi', ''),
('860', 8, 'Sardi', ''),
('861', 8, 'Narto Utomo', ''),
('862', 8, 'Maryono', ''),
('863', 8, 'Turadi', ''),
('864', 8, 'Mujiran', ''),
('865', 8, 'Basirun', ''),
('866', 8, 'Heru', ''),
('867', 8, 'Mukiran', ''),
('868', 8, 'Barjo Utomo', ''),
('869', 8, 'Tugimin', ''),
('87', 1, 'Suratman', '2'),
('870', 8, 'Budiyanto', ''),
('871', 8, 'Jiyono', ''),
('872', 8, 'Saidi', ''),
('873', 8, 'Legimin', ''),
('874', 8, 'Slamet', ''),
('875', 8, 'Juanda', ''),
('876', 8, 'Ponidi', ''),
('877', 9, 'Yatno', ''),
('878', 9, 'Yusuf', ''),
('879', 9, 'Suratno', ''),
('88', 1, 'Adi Slamet', '3'),
('880', 9, 'Susi Yanto', ''),
('881', 9, 'Sarwoto', ''),
('882', 9, 'Tuminen', ''),
('883', 9, 'Suwasdi', ''),
('884', 9, 'Iriana', ''),
('885', 9, 'Khoirudin', ''),
('886', 9, 'Sukono', ''),
('887', 9, 'Suyadi', ''),
('888', 9, 'Parto Rejo', ''),
('889', 9, 'Ponidi', ''),
('89', 1, 'Suhardi', '1'),
('890', 9, 'Agus', ''),
('891', 9, 'Parmo Rejo', ''),
('892', 9, 'Jamial', ''),
('893', 9, 'Andri', ''),
('894', 9, 'Joko', ''),
('895', 9, 'Rusdiyanto', ''),
('896', 9, 'Sugiran', ''),
('897', 9, 'Wajiran', ''),
('898', 9, 'Adi siswanto', ''),
('899', 9, 'Jumiran', ''),
('9', 1, 'Sarbini ', '3'),
('90', 1, 'Sudiatmo ', '4'),
('900', 9, 'Giyo', ''),
('901', 9, 'Widhi', ''),
('902', 9, 'Tukiman', ''),
('903', 9, 'Siswanto', ''),
('904', 9, 'Marjiyanto', ''),
('905', 9, 'Sugiyatno', ''),
('906', 9, 'Tumirah', '6'),
('907', 9, 'Bejo Riyanto', ''),
('908', 9, 'Yudi', ''),
('909', 9, 'Suratno', ''),
('91', 1, 'Widoyo ', '2'),
('910', 9, 'Lasiman', ''),
('911', 9, 'Ponidi ', ''),
('912', 9, 'Ngatimin', '5'),
('913', 9, 'Rohadi', ''),
('914', 9, 'Purwanto', ''),
('915', 9, 'Wagito', ''),
('916', 9, 'Walijo', ''),
('917', 9, 'Jumakir', ''),
('918', 9, 'Sahono', ''),
('919', 9, 'Suparjiyono', ''),
('92', 1, 'Sumarto ', '3'),
('920', 9, 'Margito', ''),
('921', 9, 'Sogiran', ''),
('922', 9, 'Tugirin', ''),
('923', 9, 'Martini', ''),
('924', 9, 'Warno', ''),
('925', 9, 'Sugino', ''),
('926', 9, 'Ngadiman', ''),
('927', 9, 'Andri Irawan', ''),
('928', 9, 'Samiran', ''),
('929', 9, 'Subandi', ''),
('93', 1, 'Tukijo', '2'),
('930', 9, 'Tuminem', ''),
('931', 9, 'Beni', ''),
('932', 9, 'Sukijan', ''),
('933', 9, 'Sadiman', ''),
('934', 9, 'Sunarjo', ''),
('935', 9, 'Agus Apriyanto', ''),
('936', 9, 'Susanto', ''),
('937', 9, 'Untung', ''),
('938', 9, 'Dalyono', ''),
('939', 9, 'Suhartono', ''),
('94', 1, 'Jiyanto', '1'),
('940', 9, 'Sumiyo', ''),
('941', 9, 'Suparno', ''),
('942', 9, 'Riyanto', ''),
('943', 9, 'Suwardi', ''),
('944', 9, 'Hendri Setyawan', ''),
('945', 9, 'Fahrudin', ''),
('946', 9, 'Ngadiyem', ''),
('947', 9, 'Temo', ''),
('948', 9, 'Marijo', ''),
('949', 9, 'Suwiyanto', ''),
('95', 1, 'Jiyono', '1'),
('950', 9, 'Andri Riyanto', ''),
('951', 9, 'Wagiyono', ''),
('952', 9, 'Swasdi', ''),
('953', 9, 'Sumar', ''),
('954', 9, 'Samsul', ''),
('955', 9, 'Paihin', ''),
('956', 9, 'Supriyono', ''),
('957', 9, 'Sugeng', ''),
('958', 9, 'Madiyono', ''),
('959', 9, 'Suryanto', ''),
('96', 1, 'Saring / Arif Widiyanto', '2'),
('960', 9, 'Andriyanto', ''),
('961', 9, 'Surpriyanto', ''),
('962', 9, 'Parjono', ''),
('963', 9, 'Tumidi', ''),
('964', 9, 'Ngatemo Rejo', ''),
('965', 9, 'Purwandi', ''),
('966', 9, 'Mujono', ''),
('967', 9, 'Sutanto', ''),
('968', 9, 'Pairan', ''),
('969', 9, 'Adi Waluyo', ''),
('97', 1, 'Handoyo', '3'),
('970', 9, 'Darmo Suwito', ''),
('971', 9, 'Rubiman', ''),
('972', 9, 'Suharno', ''),
('973', 9, 'Mujiyono', ''),
('974', 9, 'Sugiyatno ', '4'),
('975', 9, 'Suyanto', ''),
('976', 9, 'Dwi Kusniyanto', ''),
('977', 9, 'Purwanto', ''),
('978', 9, 'Tumidi', ''),
('979', 9, 'Wajiyo', ''),
('98', 1, 'Joyo', '3'),
('980', 9, 'Dasiyem', ''),
('981', 9, 'Sumadi', ''),
('982', 9, 'Asih Triyono', ''),
('983', 9, 'Sumarto Rejo', ''),
('984', 9, 'Jumardi', ''),
('985', 9, 'Poniran', ''),
('986', 9, 'Ngatijan', ''),
('987', 9, 'Parmo', '2'),
('988', 9, 'Muhdiyono', ''),
('989', 9, 'Arjo', ''),
('99', 1, 'Wakiran', ''),
('990', 9, 'Dwi Kusmiyanto', ''),
('991', 9, 'Widadi', ''),
('992', 9, 'Jumbadi', ''),
('993', 9, 'Ponidi ', '2'),
('994', 9, 'Sugiran', ''),
('995', 9, 'Sukarman', ''),
('996', 9, 'Sogi', ''),
('997', 9, 'Suyoto', ''),
('998', 9, 'Heri ', '2'),
('999', 9, 'Sukasmi', '');

-- --------------------------------------------------------

--
-- Struktur dari tabel `obat`
--

CREATE TABLE `obat` (
  `id_obat` int(11) NOT NULL,
  `nama_obat` varchar(64) NOT NULL,
  `jenis_obat` varchar(64) NOT NULL,
  `jumlah_obat` int(11) NOT NULL
) ENGINE=InnoDB DEFAULT CHARSET=latin1;

-- --------------------------------------------------------

--
-- Struktur dari tabel `rekam_medis`
--

CREATE TABLE `rekam_medis` (
  `kode_rekam` int(11) NOT NULL,
  `waktu` date DEFAULT NULL,
  `kode_pasien` int(11) NOT NULL,
  `anamnese` text NOT NULL,
  `diagnosa` varchar(100) NOT NULL,
  `terapi` text DEFAULT NULL,
  `biaya` int(11) NOT NULL
) ENGINE=InnoDB DEFAULT CHARSET=latin1;

-- --------------------------------------------------------

--
-- Struktur dari tabel `transaksi`
--

CREATE TABLE `transaksi` (
  `id_transaksi` int(11) NOT NULL,
  `waktu` date NOT NULL,
  `kode_pasien` int(11) NOT NULL,
  `harga_transaksi` int(11) NOT NULL
) ENGINE=InnoDB DEFAULT CHARSET=latin1;

--
-- Indexes for dumped tables
--

--
-- Indeks untuk tabel `belanja`
--
ALTER TABLE `belanja`
  ADD PRIMARY KEY (`kode_belanja`);

--
-- Indeks untuk tabel `data_pasien`
--
ALTER TABLE `data_pasien`
  ADD PRIMARY KEY (`kode_pasien`),
  ADD KEY `kode_keluarga` (`kode_keluarga`);

--
-- Indeks untuk tabel `desa`
--
ALTER TABLE `desa`
  ADD PRIMARY KEY (`kode_desa`);

--
-- Indeks untuk tabel `detail_transaksi`
--
ALTER TABLE `detail_transaksi`
  ADD PRIMARY KEY (`id_detail`),
  ADD KEY `fk_id_transaksi` (`id_transaksi`);

--
-- Indeks untuk tabel `dusun`
--
ALTER TABLE `dusun`
  ADD PRIMARY KEY (`kode_dusun`),
  ADD KEY `fk_kode_desa` (`kode_desa`);

--
-- Indeks untuk tabel `kepala_keluarga`
--
ALTER TABLE `kepala_keluarga`
  ADD UNIQUE KEY `kode_keluarga` (`kode_keluarga`),
  ADD KEY `fk_kode_dusun` (`kode_dusun`);

--
-- Indeks untuk tabel `obat`
--
ALTER TABLE `obat`
  ADD PRIMARY KEY (`id_obat`);

--
-- Indeks untuk tabel `rekam_medis`
--
ALTER TABLE `rekam_medis`
  ADD PRIMARY KEY (`kode_rekam`),
  ADD KEY `fk_kode_pasien` (`kode_pasien`);

--
-- Indeks untuk tabel `transaksi`
--
ALTER TABLE `transaksi`
  ADD PRIMARY KEY (`id_transaksi`);

--
-- AUTO_INCREMENT untuk tabel yang dibuang
--

--
-- AUTO_INCREMENT untuk tabel `belanja`
--
ALTER TABLE `belanja`
  MODIFY `kode_belanja` int(11) NOT NULL AUTO_INCREMENT, AUTO_INCREMENT=2;

--
-- AUTO_INCREMENT untuk tabel `data_pasien`
--
ALTER TABLE `data_pasien`
  MODIFY `kode_pasien` int(11) NOT NULL AUTO_INCREMENT, AUTO_INCREMENT=3;

--
-- AUTO_INCREMENT untuk tabel `desa`
--
ALTER TABLE `desa`
  MODIFY `kode_desa` int(11) NOT NULL AUTO_INCREMENT, AUTO_INCREMENT=14;

--
-- AUTO_INCREMENT untuk tabel `detail_transaksi`
--
ALTER TABLE `detail_transaksi`
  MODIFY `id_detail` int(11) NOT NULL AUTO_INCREMENT;

--
-- AUTO_INCREMENT untuk tabel `dusun`
--
ALTER TABLE `dusun`
  MODIFY `kode_dusun` int(3) NOT NULL AUTO_INCREMENT, AUTO_INCREMENT=50;

--
-- AUTO_INCREMENT untuk tabel `obat`
--
ALTER TABLE `obat`
  MODIFY `id_obat` int(11) NOT NULL AUTO_INCREMENT, AUTO_INCREMENT=6;

--
-- AUTO_INCREMENT untuk tabel `rekam_medis`
--
ALTER TABLE `rekam_medis`
  MODIFY `kode_rekam` int(11) NOT NULL AUTO_INCREMENT;

--
-- AUTO_INCREMENT untuk tabel `transaksi`
--
ALTER TABLE `transaksi`
  MODIFY `id_transaksi` int(11) NOT NULL AUTO_INCREMENT;

--
-- Ketidakleluasaan untuk tabel pelimpahan (Dumped Tables)
--

--
-- Ketidakleluasaan untuk tabel `data_pasien`
--
ALTER TABLE `data_pasien`
  ADD CONSTRAINT `data_pasien_ibfk_1` FOREIGN KEY (`kode_keluarga`) REFERENCES `kepala_keluarga` (`kode_keluarga`) ON DELETE CASCADE ON UPDATE CASCADE;

--
-- Ketidakleluasaan untuk tabel `detail_transaksi`
--
ALTER TABLE `detail_transaksi`
  ADD CONSTRAINT `fk_id_transaksi` FOREIGN KEY (`id_transaksi`) REFERENCES `transaksi` (`id_transaksi`) ON DELETE CASCADE ON UPDATE CASCADE;

--
-- Ketidakleluasaan untuk tabel `dusun`
--
ALTER TABLE `dusun`
  ADD CONSTRAINT `fk_kode_desa` FOREIGN KEY (`kode_desa`) REFERENCES `desa` (`kode_desa`) ON DELETE CASCADE ON UPDATE CASCADE;

--
-- Ketidakleluasaan untuk tabel `kepala_keluarga`
--
ALTER TABLE `kepala_keluarga`
  ADD CONSTRAINT `fk_kode_dusun` FOREIGN KEY (`kode_dusun`) REFERENCES `dusun` (`kode_dusun`) ON DELETE CASCADE ON UPDATE CASCADE;

--
-- Ketidakleluasaan untuk tabel `rekam_medis`
--
ALTER TABLE `rekam_medis`
  ADD CONSTRAINT `fk_kode_pasien` FOREIGN KEY (`kode_pasien`) REFERENCES `data_pasien` (`kode_pasien`) ON DELETE CASCADE ON UPDATE CASCADE;
COMMIT;

/*!40101 SET CHARACTER_SET_CLIENT=@OLD_CHARACTER_SET_CLIENT */;
/*!40101 SET CHARACTER_SET_RESULTS=@OLD_CHARACTER_SET_RESULTS */;
/*!40101 SET COLLATION_CONNECTION=@OLD_COLLATION_CONNECTION */;
