-- phpMyAdmin SQL Dump
-- version 4.9.0.1
-- https://www.phpmyadmin.net/
--
-- Host: 127.0.0.1
-- Waktu pembuatan: 27 Jul 2020 pada 11.51
-- Versi server: 10.3.16-MariaDB
-- Versi PHP: 7.3.6

SET SQL_MODE = "NO_AUTO_VALUE_ON_ZERO";
SET AUTOCOMMIT = 0;
START TRANSACTION;
SET time_zone = "+00:00";


/*!40101 SET @OLD_CHARACTER_SET_CLIENT=@@CHARACTER_SET_CLIENT */;
/*!40101 SET @OLD_CHARACTER_SET_RESULTS=@@CHARACTER_SET_RESULTS */;
/*!40101 SET @OLD_COLLATION_CONNECTION=@@COLLATION_CONNECTION */;
/*!40101 SET NAMES utf8mb4 */;

--
-- Database: `klinik_avicena`
--

-- --------------------------------------------------------

--
-- Struktur dari tabel `admin`
--

CREATE TABLE `admin` (
  `nama_admin` varchar(14) NOT NULL,
  `umur` tinyint(2) NOT NULL,
  `jabatan` varchar(5) NOT NULL,
  `alamat` varchar(37) NOT NULL,
  `username` varchar(9) NOT NULL,
  `password` varchar(15) NOT NULL
) ENGINE=InnoDB DEFAULT CHARSET=latin1;

--
-- Dumping data untuk tabel `admin`
--

INSERT INTO `admin` (`nama_admin`, `umur`, `jabatan`, `alamat`, `username`, `password`) VALUES
('Admin Kece', 21, 'Admin', '-', 'admin', 'admin'),
('Fitri Nilawati', 25, 'Bidan', 'Tekik, 001/-, Temuwuh, Dlingo, Bantul', 'shafiyyah', 'klinikavicena17');

-- --------------------------------------------------------

--
-- Struktur dari tabel `belanja`
--

CREATE TABLE `belanja` (
  `kode_belanja` varchar(255) NOT NULL,
  `waktu` varchar(255) NOT NULL,
  `nama_barang` varchar(255) NOT NULL,
  `biaya` varchar(255) NOT NULL
) ENGINE=InnoDB DEFAULT CHARSET=latin1;

-- --------------------------------------------------------

--
-- Struktur dari tabel `data_pasien`
--

CREATE TABLE `data_pasien` (
  `kode_pasien` int(11) NOT NULL,
  `kode_keluarga` varchar(32) NOT NULL,
  `nama_pasien` varchar(32) NOT NULL,
  `umur` int(11) NOT NULL,
  `jenis_kelamin` varchar(10) NOT NULL
) ENGINE=InnoDB DEFAULT CHARSET=latin1;

--
-- Dumping data untuk tabel `data_pasien`
--

INSERT INTO `data_pasien` (`kode_pasien`, `kode_keluarga`, `nama_pasien`, `umur`, `jenis_kelamin`) VALUES
(1, 'A1', 'Aditya', 12, 'Laki-laki'),
(2, 'A164', 'habib muhammad thariq', 20, 'Laki-laki');

-- --------------------------------------------------------

--
-- Struktur dari tabel `desa`
--

CREATE TABLE `desa` (
  `kode_desa` int(11) NOT NULL,
  `nama_desa` varchar(64) NOT NULL
) ENGINE=InnoDB DEFAULT CHARSET=latin1;

--
-- Dumping data untuk tabel `desa`
--

INSERT INTO `desa` (`kode_desa`, `nama_desa`) VALUES
(1, 'Temuwuh'),
(2, 'Jatimulyo'),
(3, 'Dlingo'),
(4, 'Mangunan'),
(5, 'Muntuk'),
(6, 'Terong'),
(7, 'Getas'),
(8, 'Srumbung'),
(9, 'Sumberejo'),
(15, 'Karangreja');

-- --------------------------------------------------------

--
-- Struktur dari tabel `detail_transaksi`
--

CREATE TABLE `detail_transaksi` (
  `id_detail` varchar(255) NOT NULL,
  `id_transaksi` varchar(255) NOT NULL,
  `id_obat` varchar(255) NOT NULL,
  `jumlah` varchar(255) NOT NULL
) ENGINE=InnoDB DEFAULT CHARSET=latin1;

-- --------------------------------------------------------

--
-- Struktur dari tabel `dusun`
--

CREATE TABLE `dusun` (
  `kode_dusun` int(3) NOT NULL,
  `nama_dusun` varchar(30) NOT NULL,
  `kode_desa` int(11) NOT NULL,
  `simbol` varchar(3) NOT NULL
) ENGINE=InnoDB DEFAULT CHARSET=latin1;

--
-- Dumping data untuk tabel `dusun`
--

INSERT INTO `dusun` (`kode_dusun`, `nama_dusun`, `kode_desa`, `simbol`) VALUES
(1, 'Tekik', 1, 'A'),
(2, 'Temuwuh, Tlogo, Bibis', 1, 'B'),
(3, 'Ngunut', 1, 'C'),
(4, 'Lungguh', 1, 'D'),
(5, 'Kapingan', 1, 'E'),
(6, 'Nglampengan', 1, 'F'),
(7, 'Tanjan', 1, 'G'),
(8, 'Jambewangi', 1, 'H'),
(9, 'Salam', 1, 'I'),
(10, 'Klepu', 1, 'J'),
(11, 'Tanjung', 1, 'K'),
(12, 'Jurug', 1, 'L'),
(13, 'Dodogan', 2, 'M'),
(14, 'Rejosari', 2, 'N'),
(15, 'Kedungdayak', 2, 'O'),
(16, 'Pokoh I', 3, 'P'),
(17, 'Pokoh II', 3, 'Q'),
(18, 'Dlingo I', 3, 'R'),
(19, 'Dlingo II', 3, 'S'),
(20, 'Koripan I', 3, 'T'),
(21, 'Koripan II', 3, 'U'),
(22, 'Kebosungu I', 3, 'V'),
(23, 'Kebosungu II', 3, 'W'),
(24, 'Mangunan', 4, 'X'),
(25, 'Kediwung', 4, 'Y'),
(26, 'Sukorame', 4, 'Z'),
(27, 'Kanigoro', 4, 'AA'),
(28, 'Pakis I', 3, 'AB'),
(29, 'Pakis II', 3, 'AC'),
(30, 'Getas', 7, 'AD'),
(31, 'Srumbung', 8, 'AE'),
(32, 'Sumberejo', 9, 'AF'),
(33, 'Seropan I', 5, 'AG'),
(34, 'Seropan II', 5, 'AH'),
(35, 'Seropan III', 5, 'AI'),
(36, 'Loputih', 3, 'AJ'),
(37, 'Gayam', 3, 'AK'),
(38, 'Tegallawas', 3, 'AL'),
(39, 'Banyu Urip', 2, 'AM'),
(40, 'Semuten', 2, 'AN'),
(41, 'Badean', 2, 'AO'),
(42, 'Maladan', 2, 'AP'),
(43, 'Sendang Sari', 6, 'AQ'),
(44, 'Terong II', 6, 'AR'),
(45, 'Saradan', 6, 'AS'),
(46, 'Pancuran', 6, 'AT'),
(47, 'Muntuk', 5, 'AU'),
(48, 'Tangkil', 5, 'AV'),
(49, 'Kebokuning, Ngenep', 6, 'AW'),
(50, 'Slamet', 1, 'AZ'),
(51, 'Kampungbaru', 1, '26');

-- --------------------------------------------------------

--
-- Struktur dari tabel `kepala_keluarga`
--

CREATE TABLE `kepala_keluarga` (
  `kode_keluarga` varchar(32) NOT NULL,
  `kode_dusun` int(3) NOT NULL,
  `nama_kepala` varchar(32) NOT NULL,
  `rt` varchar(3) NOT NULL
) ENGINE=InnoDB DEFAULT CHARSET=latin1;

--
-- Dumping data untuk tabel `kepala_keluarga`
--

INSERT INTO `kepala_keluarga` (`kode_keluarga`, `kode_dusun`, `nama_kepala`, `rt`) VALUES
('A1', 1, 'Basuki ', '1'),
('A10', 1, 'Riyanto ', '4'),
('A100', 1, 'Tukiyanto', '1'),
('A101', 1, 'Sugito', '3'),
('A102', 1, 'Teguh Rahayu', '1'),
('A103', 1, 'Kiryono', '4'),
('A104', 1, 'Warto', '3'),
('A105', 1, 'Winarto', '3'),
('A106', 1, 'Tugiyanto', '2'),
('A107', 1, 'Sholikin / Kencus', ''),
('A108', 1, 'Tumijo', '2'),
('A109', 1, 'Sis Poniran', '1'),
('A11', 1, 'Parmi ', '1'),
('A110', 1, 'Sunaryo/Paidi', '1'),
('A111', 1, 'Suparmi', ''),
('A112', 1, 'Joko', '1'),
('A113', 1, 'Sumiran / Ganding / Sumiyanto', '4'),
('A114', 1, 'Jumar', ''),
('A115', 1, 'Sodiq', '3'),
('A116', 1, 'Mugiyarto', '3'),
('A117', 1, 'Poniman', ''),
('A118', 1, 'Arjodinomo', '2'),
('A119', 1, 'Rahmad', ''),
('A12', 1, 'Rejo ', '3'),
('A120', 1, 'Ngadiyu', '1'),
('A121', 1, 'Priyo/tukimin', '2'),
('A122', 1, 'Muhadi', ''),
('A123', 1, 'Sowarjo', '1'),
('A124', 1, 'Ramto Utomo', '2'),
('A125', 1, 'Mariyanto', ''),
('A126', 1, 'Wahadi', '1'),
('A127', 1, 'Suwandi', ''),
('A128', 1, 'Suratman', '2'),
('A129', 1, 'Adi Slamet', '3'),
('A13', 1, 'Sudarsono ', ''),
('A130', 1, 'Suhardi', '1'),
('A131', 1, 'Siswoyo', ''),
('A132', 1, 'Tukimin', ''),
('A133', 1, 'Mujiyanto', ''),
('A134', 1, 'Tumardi', ''),
('A135', 1, 'Wagiyo', ''),
('A136', 1, 'Sugiyono', ''),
('A137', 1, 'Sutopo', ''),
('A138', 1, 'Diharjo', ''),
('A139', 1, 'Prayitno', ''),
('A14', 1, 'Tumiso ', '2'),
('A140', 1, 'Miyadi', ''),
('A141', 1, 'Sumawanto', ''),
('A142', 1, 'Warsidi', ''),
('A143', 1, 'Sunardi', ''),
('A144', 1, 'Widodo', ''),
('A145', 1, 'Ibahiroh', ''),
('A146', 1, 'Jiyarto', ''),
('A147', 1, 'Wardiyono / Slamet', ''),
('A148', 1, 'Rohadi', ''),
('A149', 1, 'Rukijo', ''),
('A15', 1, 'Yudanta ', '1'),
('A150', 1, 'Tumidi', ''),
('A151', 1, 'Fitri Yuliyanto', ''),
('A152', 1, 'Jumeno', ''),
('A153', 1, 'Slamet', ''),
('A154', 1, 'Tusir', ''),
('A155', 1, 'Naryanto', ''),
('A156', 1, 'Gimin', ''),
('A157', 1, 'Muryani', ''),
('A158', 1, 'Jawadi', ''),
('A159', 1, 'Sutiman', ''),
('A16', 1, 'Munawar ', '4'),
('A160', 1, 'Agus Prayitno', ''),
('A161', 1, 'Ngaderi', ''),
('A162', 1, 'Suwardi', ''),
('A163', 2, 'Sumiran', ''),
('A164', 2, 'Hasan', ''),
('A165', 2, 'Ponijo', ''),
('A166', 2, 'Wakino', ''),
('A167', 2, 'Sugiman', ''),
('A168', 2, 'Sugiyon', ''),
('A169', 2, 'Supriyani', ''),
('A17', 1, 'Slamet  B', '3'),
('A170', 2, 'Suroto', ''),
('A171', 2, 'Jodiryo', ''),
('A172', 2, 'Kirjo', ''),
('A173', 2, 'Wajiyono', ''),
('A174', 2, 'Martoyo', ''),
('A175', 2, 'Eko', ''),
('A176', 2, 'Legiman', ''),
('A177', 2, 'Ngatmo', ''),
('A178', 2, 'Legiyo', ''),
('A179', 2, 'Warsidi', ''),
('A18', 1, 'Nur ', '3'),
('A180', 2, 'Wajiyono', ''),
('A181', 2, 'Partimin', ''),
('A182', 2, 'Wagino', ''),
('A183', 2, 'Mitro', ''),
('A184', 2, 'Pawiro', ''),
('A185', 2, 'Iwan', ''),
('A186', 2, 'Semi', ''),
('A187', 2, 'Yudi', ''),
('A188', 2, 'Budi Martoyo', ''),
('A189', 2, 'Suroto', ''),
('A19', 1, 'Suharmanto ', '2'),
('A190', 2, 'Supriyono', ''),
('A191', 2, 'Parjo', ''),
('A192', 2, 'Sumirah', ''),
('A193', 2, 'Wakino', ''),
('A194', 2, 'Sugiran', ''),
('A195', 2, 'Hasan', ''),
('A196', 2, 'Supiran', ''),
('A197', 2, 'Suwandri', ''),
('A198', 2, 'Azis', ''),
('A199', 2, 'Samsudi', ''),
('A2', 1, 'Hasan', '2'),
('A20', 1, 'Giyanto ', '3'),
('A200', 2, 'Legimin', ''),
('A201', 2, 'Marto', ''),
('A202', 2, 'Landari', ''),
('A203', 2, 'Sutinem', ''),
('A204', 2, 'Kardi', ''),
('A205', 2, 'Marwanto', ''),
('A206', 2, 'Mariyanto', ''),
('A207', 2, 'Hendi', ''),
('A208', 2, 'Jumiyo', ''),
('A209', 2, 'Wartorejo', ''),
('A21', 1, 'Sumadi ', '3'),
('A210', 2, 'Dedi', ''),
('A211', 2, 'Hargo', ''),
('A212', 2, 'Giyanto', ''),
('A213', 2, 'Partimin', ''),
('A214', 2, 'Sugiyandi', ''),
('A215', 2, 'Sutanto', ''),
('A216', 2, 'Suparman', ''),
('A217', 2, 'Sukamto', ''),
('A218', 2, 'Riyadi', ''),
('A219', 2, 'Slamet', ''),
('A22', 1, 'Arif ', '3'),
('A220', 2, 'Hudi', ''),
('A221', 2, 'Suratman', ''),
('A222', 2, 'Kirjo Dinomo', ''),
('A223', 2, 'Wasiman', ''),
('A224', 2, 'Jupriyanto', ''),
('A225', 2, 'Karsidi', ''),
('A226', 2, 'Jawadi', ''),
('A227', 2, 'Kardiyono', ''),
('A228', 2, 'Poniyem', ''),
('A229', 2, 'Slamet. P', ''),
('A23', 1, 'Wakiran ', '4'),
('A230', 2, 'Sugeng Arwanto', ''),
('A231', 2, 'Sujiran', ''),
('A232', 2, 'Sukadi', ''),
('A233', 2, 'Sukiman', ''),
('A234', 2, 'Sumar', ''),
('A235', 2, 'Sumarjiyono', ''),
('A236', 2, 'Supanto', ''),
('A237', 2, 'Supar', ''),
('A238', 2, 'Supri', ''),
('A239', 2, 'Supriyanto', ''),
('A24', 1, 'Sukar ', '1'),
('A240', 2, 'Suratman', ''),
('A241', 2, 'Suratno', ''),
('A242', 2, 'Suroto', ''),
('A243', 2, 'Susanto', ''),
('A244', 2, 'Sutanto', ''),
('A245', 2, 'Suwiyanto', ''),
('A246', 2, 'Suyanto', ''),
('A247', 2, 'Tugiyono', ''),
('A248', 2, 'Tumijem', ''),
('A249', 2, 'Wagino', ''),
('A25', 1, 'Yahya ', '1'),
('A250', 2, 'Wajiyono', ''),
('A251', 2, 'Warsidi', ''),
('A252', 2, 'Wiro', ''),
('A253', 2, 'Wito Utomo', ''),
('A254', 2, 'Yeri Purwanto', ''),
('A26', 1, 'Sugiyanto', '3'),
('A27', 1, 'Yusli ', '1'),
('A28', 1, 'Jumiran ', '3'),
('A29', 1, 'Paeno ', '1'),
('A3', 1, 'Ahmad Sabari', '1'),
('A30', 1, 'Martoyo ', '3'),
('A31', 1, 'Jono ', '3'),
('A32', 1, 'Wanto ', '3'),
('A33', 1, 'Yulianto ', '1'),
('A34', 1, 'Rohadi ', '1'),
('A35', 1, 'Sidiq ', '1'),
('A36', 1, 'Kiryono ', '4'),
('A37', 1, 'Sudiyono', '4'),
('A38', 1, 'Tumiran ', '3'),
('A39', 1, 'Sodiarjo ', '1'),
('A4', 1, 'Warsidi', '4'),
('A40', 1, 'Sudiatmo ', '4'),
('A41', 1, 'Widoyo ', '2'),
('A42', 1, 'Sumarto ', '3'),
('A43', 1, 'Tukijo', '2'),
('A44', 1, 'Jiyanto', '1'),
('A45', 1, 'Jiyono', '1'),
('A46', 1, 'Saring / Arif Widiyanto', '2'),
('A47', 1, 'Handoyo', '3'),
('A48', 1, 'Joyo', '3'),
('A49', 1, 'Wakiran', ''),
('A5', 1, 'Edi ', '1'),
('A50', 1, 'Dar', '1'),
('A51', 1, 'Yanto', '1'),
('A52', 1, 'Eko', '4'),
('A53', 1, 'Hermawan', '1'),
('A54', 1, 'Sudarwanto', '1'),
('A55', 1, 'Setiyar', '1'),
('A56', 1, 'Sumardi', ''),
('A57', 1, 'Asturohman', ''),
('A58', 1, 'Mugiyono', '3'),
('A59', 1, 'Wagiyo / Wito Raharjo', '3'),
('A6', 1, 'Adi. P', '2'),
('A60', 1, 'Tukiyono', '4'),
('A61', 1, 'Kasmo Rejo', '1'),
('A62', 1, 'Subardi', '2'),
('A63', 1, 'Parjo', '1'),
('A64', 1, 'Pardiyo', '3'),
('A65', 1, 'Wiyarjo', '3'),
('A66', 1, 'Poniman', '4'),
('A67', 1, 'Eko Waluyo', '1'),
('A68', 1, 'Slamet. T', '3'),
('A69', 1, 'Legiyo', ''),
('A7', 1, 'Sugimin /Asturohman ', '4'),
('A70', 1, 'Sugeng', ''),
('A71', 1, 'Joyo', '3'),
('A72', 1, 'Sarbini', '1'),
('A73', 1, 'Pardiyono', '3'),
('A74', 1, 'Riyanto Agus', '3'),
('A75', 1, 'Agus Power', '2'),
('A76', 1, 'Sosro', '3'),
('A77', 1, 'Hasim', '1'),
('A78', 1, 'Sunardi', '1'),
('A79', 1, 'Suwarman', ''),
('A8', 1, 'Margiyanto ', '3'),
('A80', 1, 'Sardi', '3'),
('A81', 1, 'Karyontono', '4'),
('A82', 1, 'Sutris', '2'),
('A83', 1, 'Yahya', ''),
('A84', 1, 'Dwi', '2'),
('A85', 1, 'Pawiro', '2'),
('A86', 1, 'Seman', '1'),
('A87', 1, 'Muhsardi', '1'),
('A88', 1, 'Gunawan ', '1'),
('A89', 1, 'Sukiran', '1'),
('A9', 1, 'Sarbini ', '3'),
('A90', 1, 'Jiran', '3'),
('A91', 1, 'Poniman ', '3'),
('A92', 1, 'Warsidi', '4'),
('A93', 1, 'Kamto Prayitno', '1'),
('A95', 1, 'Ngatiran', ''),
('A96', 1, 'Parjo', ''),
('A97', 1, 'Poniran', '1'),
('A98', 1, 'Ponirin', '3'),
('A99', 1, 'Parimin', '1'),
('C1', 3, 'Surahyo', ''),
('C10', 3, 'Wagimin/Wajiyono', ''),
('C100', 3, 'Kardiyono', ''),
('C101', 3, 'Paidi', ''),
('C102', 3, 'Kiswanto', ''),
('C103', 3, 'Wasi', ''),
('C104', 3, 'Poniran', ''),
('C105', 3, 'Daryanto', ''),
('C106', 3, 'Witarjo', ''),
('C107', 3, 'Wiardi', ''),
('C108', 3, 'Warsidi', ''),
('C109', 3, 'Lestari', ''),
('C11', 3, 'Agung', ''),
('C110', 3, 'Haryono', ''),
('C111', 3, 'Dika', ''),
('C112', 3, 'Sulandri', ''),
('C113', 3, 'Panudi', ''),
('C114', 3, 'Sugiyono', ''),
('C115', 3, 'Ngatir', ''),
('C116', 3, 'Miarto', ''),
('C117', 3, 'Jimin', ''),
('C118', 3, 'Samiran', '5'),
('C119', 3, 'Mijan', ''),
('C12', 3, 'Alif', ''),
('C120', 3, 'Giran', ''),
('C121', 3, 'Ponidi', ''),
('C122', 3, 'Wagimin', '3'),
('C123', 3, 'Ponidi ', '2'),
('C124', 3, 'Naryanto', ''),
('C125', 3, 'Samsudi', ''),
('C126', 3, 'Suwarto', ''),
('C13', 3, 'Jumiyo', ''),
('C14', 3, 'Wanto', ''),
('C15', 3, 'Legimin', ''),
('C16', 3, 'Gimo', ''),
('C17', 3, 'Maryono', ''),
('C18', 3, 'Titin', ''),
('C19', 3, 'Supardiyono (Permo)', ''),
('C2', 3, 'Senen', ''),
('C20', 3, 'Margiyono', ''),
('C21', 3, 'Suwandi', ''),
('C22', 3, 'Agus', ''),
('C23', 3, 'Tugiran ', ''),
('C24', 3, 'Ngatiman', ''),
('C25', 3, 'Yanto', ''),
('C26', 3, 'Karso', ''),
('C27', 3, 'Saryono', ''),
('C28', 3, 'Danang', ''),
('C29', 3, 'Agung', ''),
('C3', 3, 'Bimo', ''),
('C30', 3, 'Paijan', ''),
('C31', 3, 'Suprih', ''),
('C32', 3, 'Jumiran', ''),
('C33', 3, 'Wagiman', ''),
('C34', 3, 'Budiyanto', ''),
('C35', 3, 'Margo Yuwono', ''),
('C36', 3, 'Marman', ''),
('C37', 3, 'Pomdi', ''),
('C38', 3, 'Ponimin / Purwanto', ''),
('C39', 3, 'Sukadi', ''),
('C4', 3, 'Paryanto', ''),
('C40', 3, 'Suprih', ''),
('C41', 3, 'Parji', ''),
('C42', 3, 'Eko Wahyudi', ''),
('C43', 3, 'Gimin', ''),
('C44', 3, 'Nadi', ''),
('C45', 3, 'Panggung', ''),
('C46', 3, 'Bariwanto', ''),
('C47', 3, 'Sumarman', ''),
('C48', 3, 'Tumidi', ''),
('C49', 3, 'Sugiman', ''),
('C5', 3, 'Hudi', ''),
('C50', 3, 'Sowiharjo', ''),
('C51', 3, 'Hartono', ''),
('C52', 3, 'Nardi', ''),
('C53', 3, 'Tugirin', ''),
('C54', 3, 'Paimin', ''),
('C55', 3, 'Wakijo', ''),
('C56', 3, 'Adi Nandra', ''),
('C57', 3, 'Wardi', ''),
('C58', 3, 'Widi ', '4'),
('C59', 3, 'Ngatijan', ''),
('C6', 3, 'Budiyanto', ''),
('C60', 3, 'Josuwito', ''),
('C61', 3, 'Wahadi', ''),
('C62', 3, 'Widiarjo', ''),
('C63', 3, 'Wasidi', ''),
('C64', 3, 'Mardi', ''),
('C65', 3, 'Sulistiyo', ''),
('C66', 3, 'Rejo', ''),
('C67', 3, 'Suparno', ''),
('C68', 3, 'Suroso', ''),
('C69', 3, 'Puryanto', ''),
('C7', 3, 'Sugiran', ''),
('C70', 3, 'Suwarto', ''),
('C71', 3, 'Triyanto', ''),
('C72', 3, 'Hariyantoo', ''),
('C73', 3, 'Rohmad', ''),
('C74', 3, 'Didik', ''),
('C75', 3, 'Tukimin', ''),
('C76', 3, 'Misran', ''),
('C77', 3, 'Sis Ngatiran', ''),
('C78', 3, 'Eko Sudarminto', ''),
('C79', 3, 'Ngatimin', ''),
('C8', 3, 'Purwanto', ''),
('C80', 3, 'Pujo', ''),
('C81', 3, 'Tugiman', ''),
('C82', 3, 'Wahyudi', ''),
('C83', 3, 'Sukiman', ''),
('C84', 3, 'Ismanto', ''),
('C85', 3, 'Suwardi', ''),
('C86', 3, 'Mediyanto', ''),
('C87', 3, 'Surahyo', ''),
('C88', 3, 'Wajiyono', ''),
('C89', 3, 'Suparno', ''),
('C9', 3, 'Panudi', ''),
('C90', 3, 'Marto', ''),
('C91', 3, 'Rubiman', ''),
('C92', 3, 'Sosotomo', ''),
('C93', 3, 'Sawiyem', ''),
('C94', 3, 'Ngatimin Purwanto', ''),
('C95', 3, 'Poniman', ''),
('C96', 3, 'Sukadi Hendra', ''),
('C97', 3, 'Ponidi', ''),
('C98', 3, 'Yulianto', ''),
('C99', 3, 'Samijan', ''),
('D1', 4, 'Mujianto', ''),
('D10', 4, 'Muryono', ''),
('D100', 4, 'Purwandi', ''),
('D1000', 13, 'Slamet Saryanto', ''),
('D1001', 13, 'Miskiran', ''),
('D1002', 13, 'Irwan', ''),
('D1003', 13, 'Hartono', ''),
('D1004', 13, 'Supomo', ''),
('D1005', 13, 'Sarbowo', ''),
('D1006', 13, 'Dion', ''),
('D1007', 13, 'Badarudin', ''),
('D1008', 13, 'Tri Harjito', ''),
('D1009', 13, 'Rohmadi', ''),
('D101', 4, 'Pujiyono', ''),
('D1010', 13, 'Suwandi', ''),
('D1011', 13, 'Suryono', ''),
('D1012', 13, 'Suwardi', ''),
('D1013', 13, 'Warsito', ''),
('D1014', 13, 'Ngatinem', ''),
('D1015', 13, 'Jumino', ''),
('D1016', 13, 'Sendi Setyawan', ''),
('D1017', 13, 'Agus Setyono', ''),
('D1018', 13, 'Paiman', ''),
('D1019', 13, 'Teguh', ''),
('D102', 4, 'Wasiran', ''),
('D1020', 13, 'Erwan', ''),
('D1021', 13, 'Wartio', ''),
('D1022', 13, 'Betut Yulianto', ''),
('D1023', 13, 'Slamet ', '1'),
('D1024', 13, 'Riwanto', ''),
('D1025', 13, 'Tari', ''),
('D1026', 13, 'Hendi', ''),
('D1027', 13, 'Sutarno', '5'),
('D1028', 13, 'Sidik Nuryadi', ''),
('D1029', 13, 'Sardi', ''),
('D103', 4, 'Sudarno', ''),
('D1030', 13, 'Sutomo', ''),
('D1031', 13, 'Tugiyat', ''),
('D1032', 13, 'Wahono', ''),
('D1033', 13, 'Suro', ''),
('D1034', 13, 'Sutarno', ''),
('D1035', 13, 'Slamet', ''),
('D1036', 13, 'Muhson', ''),
('D1037', 13, 'Ramlan', ''),
('D1038', 13, 'Mukiran', ''),
('D1039', 13, 'Prawi', ''),
('D104', 4, 'Jimo/marjiyanto', ''),
('D1040', 13, 'Sowiharjo', ''),
('D1041', 13, 'Waluyo', ''),
('D1042', 13, 'Nono', ''),
('D1043', 13, 'Supriyanto', ''),
('D1044', 13, 'Gito', ''),
('D1045', 13, 'Karsidi', ''),
('D1046', 13, 'Suyar', ''),
('D1047', 13, 'Sulistyo', ''),
('D1048', 13, 'Yudi', ''),
('D1049', 13, 'Supomo', ''),
('D105', 4, 'Wagirin', ''),
('D1050', 13, 'Supiyo', ''),
('D1051', 13, 'Ngatijan', ''),
('D1052', 13, 'Yadi', ''),
('D1053', 13, 'Kasyanto', ''),
('D1054', 13, 'Watinem', ''),
('D1055', 13, 'Yulianto', ''),
('D1056', 13, 'Adi Wiyanto', ''),
('D1057', 13, 'Sunaryo', ''),
('D1058', 13, 'Warijo', ''),
('D1059', 13, 'Jumar', ''),
('D106', 4, 'Kasmo', ''),
('D1060', 13, 'Sumarno', ''),
('D1061', 13, 'Ngadirah', ''),
('D1062', 13, 'Parni', ''),
('D1063', 13, 'Wartiyo', ''),
('D1064', 13, 'Suyat', ''),
('D1065', 13, 'Wasdi', ''),
('D1066', 13, 'Nur Khasan', ''),
('D1067', 13, 'Tupardiyono', ''),
('D1068', 13, 'Dayan', ''),
('D1069', 13, 'Slamet Riyanto', ''),
('D107', 4, 'Point', ''),
('D1070', 13, 'Kurniawan', ''),
('D1071', 13, 'Triyono', ''),
('D1072', 13, 'Sapardi', ''),
('D1073', 13, 'Sarjiyono', ''),
('D1074', 13, 'Mahfud', ''),
('D1075', 13, 'Wardini', ''),
('D1076', 13, 'Bini', ''),
('D1077', 13, 'Nuryanto', ''),
('D1078', 13, 'Haryadi', ''),
('D1079', 13, 'Nardi', ''),
('D108', 4, 'Imam', ''),
('D1080', 13, 'Lasiran', ''),
('D1081', 13, 'Ponimin', ''),
('D1082', 13, 'Frengki', ''),
('D1083', 13, 'Tuyono', ''),
('D1084', 13, 'Sudirah', ''),
('D1085', 13, 'Sutardi', ''),
('D1086', 13, 'Mardiyanto', ''),
('D1087', 13, 'Pasdi Utomo', ''),
('D1088', 13, 'Budi Widayat', ''),
('D1089', 13, 'Sugirin', ''),
('D109', 4, 'Teguh ', '5'),
('D1090', 13, 'Feri Dwi', ''),
('D1091', 13, 'Surahman', ''),
('D1092', 13, 'Slamet ', '5'),
('D1093', 13, 'Sukis', ''),
('D1094', 13, 'Sujono', ''),
('D1095', 13, 'Heru Yanto', ''),
('D1096', 13, 'Jirah', ''),
('D1097', 13, 'Paiman', ''),
('D1098', 13, 'Yulianto', ''),
('D1099', 13, 'Warno / Pairin', ''),
('D11', 4, 'Harsoyo', ''),
('D110', 4, 'Ginu/suwardoyo', ''),
('D1100', 13, 'Sandi', ''),
('D1101', 13, 'Sugiyanto', ''),
('D1102', 13, 'Tarmudi', ''),
('D1103', 13, 'Sujiran', ''),
('D1104', 13, 'Untung Suroto', ''),
('D1105', 13, 'Gasar', ''),
('D1106', 13, 'Mamad', ''),
('D1107', 13, 'Suyono', ''),
('D1108', 13, 'Yanto', ''),
('D1109', 13, 'Yoto', ''),
('D111', 4, 'Wasinem', ''),
('D1110', 13, 'Ponijan', ''),
('D1111', 13, 'Sarwadi', ''),
('D1112', 13, 'Kasidi', ''),
('D1113', 13, 'Harmiyanto', ''),
('D1114', 13, 'Sumiyanto', ''),
('D1115', 13, 'Tarno Utomo', ''),
('D1116', 13, 'Wajiran / Derman', ''),
('D1117', 13, 'Sukaryanto', ''),
('D1118', 13, 'Tukimin', ''),
('D1119', 13, 'Sagi', ''),
('D112', 4, 'Poniah', ''),
('D1120', 13, 'Jemiyo', ''),
('D1121', 13, 'Widodo', ''),
('D1122', 13, 'Erwin Nugroho', ''),
('D1123', 13, 'Linggar', ''),
('D1124', 13, 'Riyanto', ''),
('D1125', 13, 'Wasdiyono ', '8'),
('D1126', 13, 'Paekan', ''),
('D1127', 13, 'Bekti Saptono', ''),
('D1128', 13, 'Tuparjono', ''),
('D1129', 13, 'Wasdi ', '1'),
('D113', 4, 'Dwi Nuryanto', ''),
('D1130', 13, 'Parmo Rejo', ''),
('D1131', 13, 'Mujiyanto', ''),
('D1132', 13, 'Harjo Wiyono', ''),
('D1133', 13, 'Sarwanto', ''),
('D1134', 13, 'Paryanto', ''),
('D1135', 13, 'Sholeh', ''),
('D1136', 13, 'Ngatimin', ''),
('D1137', 13, 'Kasilan', ''),
('D1138', 13, 'Dakelan', ''),
('D1139', 13, 'Ngadirah', ''),
('D114', 4, 'Lasugi', ''),
('D1140', 13, 'Supardi', ''),
('D1141', 13, 'Sutriawan', ''),
('D1142', 13, 'Prayoto', ''),
('D1143', 13, 'Suparman', ''),
('D1144', 13, 'Karsidi', ''),
('D1145', 13, 'Fitriyanto', ''),
('D1146', 13, 'Jo Utomo', ''),
('D1147', 13, 'Ruhmadi', ''),
('D1148', 13, 'Yunas Ardiyanto', ''),
('D1149', 13, 'Triawan', ''),
('D115', 4, 'Susilo', ''),
('D1150', 13, 'Padman', ''),
('D1151', 13, 'Baharudin', ''),
('D1152', 13, 'Sugino', ''),
('D1153', 13, 'Warimin', ''),
('D1154', 13, 'Paryoto', ''),
('D1155', 13, 'Tuharjo / Tukiran', ''),
('D1156', 13, 'Fajar', ''),
('D1157', 13, 'Rohmanto', ''),
('D1158', 13, 'Suyono', ''),
('D1159', 13, 'Kasilan', ''),
('D116', 4, 'Budi Priyanto', ''),
('D1160', 13, 'Sarjono', ''),
('D1161', 13, 'Sumardi', ''),
('D1162', 13, 'Tukiran', ''),
('D1163', 13, 'Tugiyono', ''),
('D1164', 13, 'Slamet ', '7'),
('D1165', 13, 'Marto Suyoto', ''),
('D1166', 13, 'Sri Widadi', ''),
('D1167', 13, 'Juju', ''),
('D1168', 13, 'Suprih Diyono', ''),
('D1169', 13, 'Riyanto ', '3'),
('D117', 4, 'Tumar', ''),
('D1170', 13, 'Rohmadi', ''),
('D1171', 13, 'Andi Yuda', ''),
('D1172', 13, 'Wiharyanto', ''),
('D1173', 13, 'Parwadi', ''),
('D1174', 13, 'Unanto', ''),
('D1175', 13, 'Taryo', ''),
('D1176', 13, 'Maryati', ''),
('D1177', 14, 'Miftakhul', ''),
('D1178', 14, 'Mujiran', ''),
('D1179', 14, 'Ponidin', ''),
('D118', 4, 'Suyanto', ''),
('D1180', 14, 'Sabar', ''),
('D1181', 14, 'Wartopo', ''),
('D1182', 14, 'Bawadi', ''),
('D1183', 14, 'Supardiyanto', ''),
('D1184', 14, 'Gisul', ''),
('D1185', 14, 'Harsono ', ''),
('D1186', 14, 'Kadiyo', ''),
('D1187', 14, 'Widodo', ''),
('D1188', 14, 'Sugiyo', ''),
('D1189', 14, 'Jumono', ''),
('D119', 4, 'Fitrianingsih', ''),
('D1190', 14, 'Wandi', ''),
('D1191', 14, 'Nurafianto', ''),
('D1192', 14, 'Marjo Utomo', ''),
('D1193', 14, 'Wadiyono', ''),
('D1194', 14, 'Simping', ''),
('D1195', 14, 'Rohadi', ''),
('D1196', 14, 'Rudiyono', ''),
('D1197', 14, 'Kasbini', ''),
('D1198', 14, 'Yulianto', ''),
('D1199', 14, 'Parwadi', ''),
('D12', 4, 'Ngatiran', ''),
('D120', 4, 'Arisman', ''),
('D1200', 14, 'Giyadi', ''),
('D1201', 14, 'Surip', ''),
('D1202', 14, 'Komarudin', ''),
('D1203', 14, 'Mulyadi', ''),
('D1204', 14, 'Miskam', ''),
('D1205', 14, 'Samsudi', ''),
('D1206', 14, 'Marjilan', ''),
('D1207', 14, 'Budiman', ''),
('D1208', 14, 'Robi Yulanri', ''),
('D1209', 14, 'Supardiyanto', ''),
('D1210', 14, 'Sajiyono', ''),
('D1211', 14, 'Andriansyah', ''),
('D1212', 14, 'Gunawan', ''),
('D1213', 14, 'Tukardi', ''),
('D1214', 14, 'Mintarjo', ''),
('D1215', 14, 'Tukiran', ''),
('D1216', 14, 'Dumadi', ''),
('D1217', 14, 'Tunardi', ''),
('D1218', 14, 'Ginu', ''),
('D1219', 14, 'Tumidi ', '1'),
('D1220', 14, 'Wawan', ''),
('D1221', 14, 'Yadi', ''),
('D1222', 14, 'Poninto', ''),
('D1223', 14, 'Poniran', ''),
('D1224', 14, 'Suradi', ''),
('D1225', 14, 'Nur Khasan', ''),
('D1226', 14, 'Suharno', ''),
('D1227', 14, 'Kasmin', ''),
('D1228', 14, 'Sogiman', ''),
('D1229', 14, 'Subandi', ''),
('D1230', 14, 'Tumidi', ''),
('D1231', 14, 'Sunardi', ''),
('D1232', 14, 'Sugeng Riyadi', ''),
('D1233', 14, 'Juwardi', ''),
('D1234', 14, 'Pangi', ''),
('D1235', 14, 'Puryitno', ''),
('D1236', 14, 'Tukiman', ''),
('D1237', 14, 'Sihono', ''),
('D1238', 14, 'Sinar', ''),
('D1239', 14, 'Istanto', ''),
('D1240', 14, 'Nur Rudin', ''),
('D1241', 14, 'Saifunan', ''),
('D1242', 14, 'Kasinah', ''),
('D1243', 14, 'Parwadi', ''),
('D1244', 14, 'Suwondo', ''),
('D1245', 14, 'Wawan', ''),
('D1246', 14, 'Joko', ''),
('D1247', 14, 'Sarwanto', ''),
('D1248', 14, 'Arif', ''),
('D1249', 14, 'Tumiroh', ''),
('D1250', 14, 'Islimin', ''),
('D1251', 14, 'Narsidi', ''),
('D1252', 14, 'Sutardi', ''),
('D1253', 14, 'Warno', ''),
('D1254', 14, 'Supriyanti', ''),
('D1255', 14, 'Paerah', ''),
('D1256', 14, 'Sukono', ''),
('D1257', 14, 'Eko Puji Suryanto', ''),
('D1258', 14, 'Giman', ''),
('D1259', 14, 'Wagiran', ''),
('D1260', 14, 'Sukarmanto', ''),
('D1261', 15, 'Samsudi', ''),
('D1262', 15, 'Kasro', ''),
('D1263', 15, 'Sukono', ''),
('D1264', 15, 'Suryanto', ''),
('D1265', 15, 'Hardi Wiyanto', ''),
('D1266', 15, 'Siran', ''),
('D1267', 15, 'Wanto Wiyarjo', ''),
('D1268', 15, 'Legimin', ''),
('D1269', 15, 'Prihatin', ''),
('D1270', 15, 'Surandi', ''),
('D1271', 15, 'Ramto', ''),
('D1272', 15, 'Ali', ''),
('D1273', 15, 'Samsulhadi', ''),
('D1274', 15, 'Ngadiman', ''),
('D1275', 15, 'Ponijan', ''),
('D1276', 15, 'Dedi Kurniawan', ''),
('D1277', 15, 'Sutaryo', ''),
('D1278', 15, 'Suyadi', ''),
('D1279', 15, 'Samiran', ''),
('D1280', 15, 'Endrasto', ''),
('D1281', 15, 'Suprihatin', ''),
('D1282', 15, 'Harjo Sentono', ''),
('D1283', 15, 'Haryanto', ''),
('D1284', 15, 'Kamto', ''),
('D1285', 15, 'Tukijan', ''),
('D1286', 15, 'Purwanto', ''),
('D1287', 15, 'Suwartinem', ''),
('D1288', 15, 'Taryono', ''),
('D1289', 15, 'Gunardi', ''),
('D1290', 15, 'Adi Suwito', ''),
('D1291', 15, 'Suparman', ''),
('D1292', 15, 'Didik', ''),
('D1293', 15, 'Teguh Puji', ''),
('D1294', 15, 'Sri Gunadi', ''),
('D1295', 15, 'Ponijan ', '4'),
('D1296', 15, 'Mulyo Rejo', ''),
('D1297', 15, 'Jurito', ''),
('D1298', 15, 'Jumar', ''),
('D1299', 15, 'Giyatno', ''),
('D13', 4, 'Tukardi', ''),
('D1300', 15, 'Suwarno', ''),
('D1301', 15, 'Waryono', ''),
('D1302', 15, 'Giri', ''),
('D1303', 15, 'Subardi', ''),
('D1304', 15, 'Jiman', ''),
('D1305', 15, 'Mujiyanto', ''),
('D1306', 15, 'Adi Wiyono', ''),
('D1307', 15, 'Lisdiyanto', ''),
('D1308', 15, 'Sunardi', ''),
('D1309', 15, 'Wariyanto', ''),
('D1310', 15, 'Simah', ''),
('D1311', 15, 'Karyanto', ''),
('D1312', 15, 'Muryono', ''),
('D1313', 15, 'Wandi', ''),
('D1314', 15, 'Sarjono', ''),
('D1315', 15, 'Puryono', ''),
('D1316', 15, 'Ngatiman', ''),
('D1317', 15, 'Supardi', ''),
('D1318', 15, 'Suyanto', ''),
('D1319', 15, 'Endri', ''),
('D1320', 15, 'Sukidi', ''),
('D1321', 15, 'Arif Widodo', ''),
('D1322', 16, 'Wakiyem', ''),
('D1323', 16, 'Sunyoto', ''),
('D1324', 16, 'Wiyanto', ''),
('D1325', 16, 'Ponidi', ''),
('D1326', 16, 'Wakijo', ''),
('D1327', 16, 'Tumiyo', ''),
('D1328', 16, 'Ngadikem', ''),
('D1329', 16, 'Sosro', ''),
('D1330', 16, 'Misdiyanto', ''),
('D1331', 16, 'Arif', ''),
('D1332', 16, 'Arifianto', ''),
('D1333', 16, 'Wasiran', ''),
('D1334', 16, 'Samiran / Samirin', ''),
('D1335', 16, 'Wantiyem', ''),
('D1336', 16, 'Tami', ''),
('D1337', 16, 'Suwardo', ''),
('D1338', 16, 'Arif', ''),
('D1339', 16, 'Jumiran', ''),
('D1340', 16, 'Marjiyono', ''),
('D1341', 16, 'Kuwadiyanto', ''),
('D1342', 16, 'Tasmo Rejo', ''),
('D1343', 16, 'Rantiyem', ''),
('D1344', 16, 'Ngajimin / Ngatemo', ''),
('D1345', 16, 'Pendi', ''),
('D1346', 16, 'Setro', ''),
('D1347', 16, 'Sukadi ', '5'),
('D1348', 16, 'Sumadi', ''),
('D1349', 16, 'Sugiyo', ''),
('D1350', 16, 'Sujardi Wardoyo', ''),
('D1351', 16, 'Suyanto', ''),
('D1352', 16, 'Samikin', ''),
('D1353', 16, 'Kismo', ''),
('D1354', 16, 'Sugiman ', '3'),
('D1355', 16, 'Pardiman', ''),
('D1356', 16, 'Poniman', ''),
('D1357', 16, 'Suyar', ''),
('D1358', 16, 'Poniran', ''),
('D1359', 16, 'Muryadi', ''),
('D1360', 16, 'Sugito', ''),
('D1361', 16, 'Triyono', ''),
('D1362', 16, 'Warti', ''),
('D1363', 16, 'Pardi', ''),
('D1364', 16, 'Pandi Setiawan', ''),
('D1365', 16, 'Timbul', ''),
('D1366', 16, 'Ranti', ''),
('D1367', 16, 'Hardiyono', ''),
('D1368', 16, 'Rubiyanto', ''),
('D1369', 16, 'Giyadi', ''),
('D1370', 16, 'Warno Utomo', ''),
('D1371', 16, 'Kardiyono', ''),
('D1372', 16, 'Winardi', ''),
('D1373', 16, 'Sukiman ', '3'),
('D1374', 16, 'Mawardi', ''),
('D1375', 16, 'Timbul', ''),
('D1376', 16, 'Santoso', ''),
('D1377', 16, 'Santoso ', '2'),
('D1378', 16, 'Suwardi', ''),
('D1379', 16, 'Wakijan', ''),
('D1380', 16, 'Samijo', ''),
('D1381', 16, 'Nurdiyono', ''),
('D1382', 16, 'Saberi', ''),
('D1383', 16, 'Sariyanto', ''),
('D1384', 16, 'Jumingan', ''),
('D1385', 16, 'Sakimin ', '2'),
('D1386', 16, 'Nur Sidiq', ''),
('D1387', 16, 'Sukiman', ''),
('D1388', 16, 'Jumiyono', ''),
('D1389', 16, 'Sukasno', ''),
('D1390', 16, 'Adi Suwanto', ''),
('D1391', 16, 'Ngajiyanto', ''),
('D1392', 16, 'Slamet', ''),
('D1393', 16, 'Suyanto', ''),
('D1394', 16, 'Kiryono', ''),
('D1395', 16, 'Suyoto ', '1'),
('D1396', 16, 'Wakinah', ''),
('D1397', 16, 'Pandri', ''),
('D1398', 16, 'Sukadi ', '2'),
('D1399', 16, 'Paiman', ''),
('D14', 4, 'Jowiryo', ''),
('D1400', 16, 'Tumirin', ''),
('D1401', 16, 'Iswanto', ''),
('D1402', 16, 'Poni', ''),
('D1403', 16, 'Kismo', ''),
('D1404', 16, 'Giyono', ''),
('D1405', 16, 'Tri Marjono', ''),
('D1406', 16, 'Wiyatno', ''),
('D1407', 16, 'Wahyudi', ''),
('D1408', 16, 'Sujani', ''),
('D1409', 16, 'Wagiyanto', ''),
('D1410', 16, 'Yadi Yanto', ''),
('D1411', 16, 'Markuat', ''),
('D1412', 16, 'Suyar', ''),
('D1413', 16, 'Bargiyanto', ''),
('D1414', 16, 'Sujanto', ''),
('D1415', 16, 'Sarwono', ''),
('D1416', 16, 'Yusuf', ''),
('D1417', 16, 'Sabari', ''),
('D1418', 16, 'Warsono', ''),
('D1419', 16, 'Sani', ''),
('D1420', 16, 'Sugiman ', '2'),
('D1421', 16, 'Suyatno', ''),
('D1422', 16, 'Daryanto', ''),
('D1423', 16, 'Tri Maryadi', ''),
('D1424', 16, 'Marjilan', ''),
('D1425', 16, 'Sardiyono', ''),
('D1426', 16, 'Setiawanto', ''),
('D1427', 16, 'Wakijan', ''),
('D1428', 16, 'Wagiman', ''),
('D1429', 16, 'Jumirin', ''),
('D1430', 16, 'Yitno Rejo', ''),
('D1431', 16, 'Sigit', ''),
('D1432', 17, 'Kardiyo', ''),
('D1433', 17, 'Ponijan', ''),
('D1434', 17, 'Suji Kusmanto', ''),
('D1435', 17, 'Kani ', ''),
('D1436', 17, 'Kusnadi', ''),
('D1437', 17, 'Rohmad', ''),
('D1438', 17, 'Karjinem', ''),
('D1439', 17, 'Jumiran', ''),
('D1440', 17, 'Ponikin', ''),
('D1441', 17, 'Suwarjoko', ''),
('D1442', 17, 'Suhono', ''),
('D1443', 17, 'Samiran', ''),
('D1444', 17, 'Suharjono', ''),
('D1445', 17, 'Paniyem', ''),
('D1446', 17, 'Partini', ''),
('D1447', 17, 'Marjono', ''),
('D1448', 17, 'Tumiyo', ''),
('D1449', 17, 'Samirin', ''),
('D1450', 17, 'Kasmo', ''),
('D1451', 17, 'Dwi Rismanto', ''),
('D1452', 17, 'Suwarno', ''),
('D1453', 17, 'Kasidi', ''),
('D1454', 17, 'Sumiyem', ''),
('D1455', 17, 'Ruji', ''),
('D1456', 17, 'Suwandi', ''),
('D1457', 17, 'Slamet', ''),
('D1458', 17, 'Wagiyo', ''),
('D1459', 17, 'Sumardi', ''),
('D1460', 17, 'Adi Susanto', ''),
('D1461', 17, 'Karjiyono', ''),
('D1462', 17, 'Arif Yulianto', ''),
('D1463', 17, 'Kardiyono', ''),
('D1464', 17, 'Supriyanto', ''),
('D1465', 17, 'Katemun Wahyu', ''),
('D1466', 17, 'Rismanto', ''),
('D1467', 17, 'Nur Sidiq', ''),
('D1468', 17, 'Martijo', ''),
('D1469', 17, 'Suji Kusmanto', ''),
('D1470', 17, 'Andriyanto', ''),
('D1471', 17, 'Suwardi', ''),
('D1472', 17, 'Amad Paniyem', ''),
('D1473', 17, 'Bardi', ''),
('D1474', 17, 'Tukiran', ''),
('D1475', 17, 'Lasiman', ''),
('D1476', 17, 'Parjo', ''),
('D1477', 17, 'Sumarsidi', ''),
('D1478', 17, 'Wahyu Hariyanto', ''),
('D1479', 17, 'Nuri ', ''),
('D1480', 17, 'Sutar', ''),
('D1481', 17, 'Sulistyono', ''),
('D1482', 17, 'Jumardi', ''),
('D1483', 17, 'Alifhudin', ''),
('D1484', 17, 'Tono Rejo', ''),
('D1485', 17, 'Jumaingan', ''),
('D1486', 17, 'Bisri', ''),
('D1487', 17, 'Edi', ''),
('D1488', 17, 'Tujimin', ''),
('D1489', 17, 'Sukir', ''),
('D1490', 17, 'Suyardi', ''),
('D1491', 17, 'Ponijan', ''),
('D1492', 17, 'Pujimin', ''),
('D1493', 17, 'Sukadi', ''),
('D1494', 17, 'Sutarjo', ''),
('D1495', 17, 'Suripto', ''),
('D1496', 17, 'Pardimin', ''),
('D1497', 17, 'Heriyanto', ''),
('D1498', 18, 'Sugiyah', ''),
('D1499', 18, 'Puryanto', ''),
('D15', 4, 'Zamrodin', ''),
('D1500', 18, 'Jumeno', ''),
('D1501', 18, 'Warwito', ''),
('D1502', 18, 'Ginardi', ''),
('D1503', 18, 'Edi Susanto', ''),
('D1504', 18, 'Wagiman', ''),
('D1505', 18, 'Sarto', ''),
('D1506', 18, 'Ngasmi', ''),
('D1507', 18, 'Fauzan', ''),
('D1508', 18, 'Nur Yulianto /Suharto', ''),
('D1509', 18, 'Tumiran', ''),
('D1510', 18, 'Suti / Ari', ''),
('D1511', 18, 'Wagino', ''),
('D1512', 18, 'Dwi Anton', ''),
('D1513', 18, 'Samudi', ''),
('D1514', 18, 'Pardiyo', ''),
('D1515', 18, 'Saudimin', ''),
('D1516', 18, 'Sugiyono ', '4'),
('D1517', 18, 'Rubiyem', ''),
('D1518', 18, 'Jumiran', ''),
('D1519', 18, 'Wasirah', ''),
('D1520', 18, 'Suyatno', ''),
('D1521', 18, 'Mugiyanto', ''),
('D1522', 18, 'Suharno', ''),
('D1523', 18, 'Amad Sholikin', ''),
('D1524', 18, 'Panjang', ''),
('D1525', 18, 'Suwito', ''),
('D1526', 18, 'Sukismo', ''),
('D1527', 18, 'Sugiyono ', '2'),
('D1528', 18, 'Suradi', ''),
('D1529', 18, 'Mustadi', ''),
('D1530', 18, 'Lasiran', ''),
('D1531', 18, 'Sujarwanto', ''),
('D1532', 18, 'Sarto', ''),
('D1533', 18, 'Isman', ''),
('D1534', 18, 'Paijo', ''),
('D1535', 18, 'Ngadiyem', ''),
('D1536', 18, 'Suripto', ''),
('D1537', 18, 'Wiro Sentono', ''),
('D1538', 18, 'Ngatiyo ', '3'),
('D1539', 18, 'Supardi', ''),
('D1540', 18, 'Marahdona', ''),
('D1541', 18, 'Dwi Wahyudi', ''),
('D1542', 18, 'Danang', ''),
('D1543', 18, 'Tajem', ''),
('D1544', 18, 'Agung Feri', ''),
('D1545', 18, 'Wagino ', '4'),
('D1546', 18, 'Ngatiyo', ''),
('D1547', 18, 'Marimin', ''),
('D1548', 18, 'Supiyarjo', ''),
('D1549', 18, 'Mujono', ''),
('D1550', 18, 'Sudarwanto', ''),
('D1551', 18, 'Ngatiman', ''),
('D1552', 18, 'Wasito', ''),
('D1553', 18, 'Suharto', ''),
('D1554', 18, 'Jumingan', ''),
('D1555', 18, 'Ngadiyo', ''),
('D1556', 18, 'Ngatiyo ', '4'),
('D1557', 18, 'Ponidi', ''),
('D1558', 18, 'Poniman', ''),
('D1559', 18, 'Sutiyanti', ''),
('D1560', 18, 'Rudiman', ''),
('D1561', 18, 'Sukasno', ''),
('D1562', 18, 'Ahmad Fauzan', ''),
('D1563', 18, 'Pardi', ''),
('D1564', 18, 'Jumarno', ''),
('D1565', 18, 'Suridi', ''),
('D1566', 18, 'Suryanto', ''),
('D1567', 18, 'Wayem', ''),
('D1568', 18, 'Markus', ''),
('D1569', 18, 'Supardi', ''),
('D1570', 18, 'Parmo', ''),
('D1571', 18, 'Ahyar', ''),
('D1572', 18, 'Tukiman', ''),
('D1573', 18, 'Sutrisno', ''),
('D1574', 18, 'Misdi', ''),
('D1575', 18, 'Joko', ''),
('D1576', 18, 'Junaidi', ''),
('D1577', 18, 'Hasan Sobari', ''),
('D1578', 18, 'Seno', ''),
('D1579', 18, 'Subardi', ''),
('D1580', 18, 'Sagimin', ''),
('D1581', 18, 'Warwito', ''),
('D1582', 18, 'Wagiran', ''),
('D1583', 18, 'Darudin', ''),
('D1584', 18, 'Gunadi', ''),
('D1585', 18, 'Sogiran', ''),
('D1586', 18, 'Tigo', ''),
('D1587', 18, 'Sardiyono ', '4'),
('D1588', 18, 'Sugiran', ''),
('D1589', 19, 'Istiqomah', ''),
('D1590', 19, 'Sutar', ''),
('D1591', 19, 'Wiryadi', ''),
('D1592', 19, 'Sumadi', ''),
('D1593', 19, 'Suratno', ''),
('D1594', 19, 'Suprapto', ''),
('D1595', 19, 'Surono', ''),
('D1596', 19, 'Sugeng', ''),
('D1597', 19, 'Abdul Haris', ''),
('D1598', 19, 'Mesran', ''),
('D1599', 19, 'Solikhin', ''),
('D16', 4, 'Dedi', ''),
('D1600', 19, 'Sumardiyono', ''),
('D1601', 19, 'Iskandar', ''),
('D1602', 19, 'Ngadiyono', ''),
('D1603', 19, 'Suwinto', ''),
('D1604', 19, 'Arjo Utomo', ''),
('D1605', 19, 'Wahadi', ''),
('D1606', 19, 'Agus Triyanto', ''),
('D1607', 19, 'Alex', ''),
('D1608', 19, 'Legiman', ''),
('D1609', 19, 'Tugiyono', ''),
('D1610', 19, 'Gundik', ''),
('D1611', 19, 'Supiarjo', ''),
('D1612', 19, 'Supriyanto', ''),
('D1613', 19, 'Tukiyanto', ''),
('D1614', 19, 'Sariyanto', ''),
('D1615', 19, 'Ngadiyo', ''),
('D1616', 19, 'Marjo Utomo', ''),
('D1617', 19, 'Sutarman', ''),
('D1618', 19, 'Tukiran', ''),
('D1619', 19, 'Budiyono', ''),
('D1620', 19, 'Suboko', ''),
('D1621', 19, 'Tri Sumarni', ''),
('D1622', 19, 'Asmo', ''),
('D1623', 19, 'Danang', ''),
('D1624', 19, 'Narto', ''),
('D1625', 19, 'Wiryadi', ''),
('D1626', 19, 'Agus Supriyatno', ''),
('D1627', 19, 'Legiyo', ''),
('D1628', 19, 'Sudiran', ''),
('D1629', 19, 'Tukiran', ''),
('D1630', 19, 'Sugiyem', ''),
('D1631', 19, 'Wakijo', ''),
('D1632', 19, 'Ponijo', ''),
('D1633', 19, 'Nur Yudi', ''),
('D1634', 19, 'Wakijo', ''),
('D1635', 19, 'Sugiasih', ''),
('D1636', 19, 'Ngatimah', ''),
('D1637', 19, 'Edi Kurdiawan', ''),
('D1638', 19, 'Widodo', ''),
('D1639', 19, 'Hadi Widodo', ''),
('D1640', 19, 'Ngatiman', ''),
('D1641', 20, 'Nasirudin', ''),
('D1642', 20, 'Parjo', ''),
('D1643', 20, 'Siswandi', ''),
('D1644', 20, 'Suyanto', ''),
('D1645', 20, 'Supirah', ''),
('D1646', 20, 'Ari Wibowo', ''),
('D1647', 20, 'Suroto', ''),
('D1648', 20, 'Daliran', ''),
('D1649', 20, 'Waginah', ''),
('D1650', 20, 'Suparjo', ''),
('D1651', 20, 'Paijo', ''),
('D1652', 20, 'Wajiyono', ''),
('D1653', 20, 'Sudarsiman', ''),
('D1654', 20, 'Nuryanto', ''),
('D1655', 20, 'Senadiyono', ''),
('D1656', 20, 'Agus', ''),
('D1657', 20, 'Yenu', ''),
('D1658', 20, 'Susilo', ''),
('D1659', 20, 'Budi', ''),
('D1660', 20, 'Paimin', ''),
('D1661', 20, 'Winardi', ''),
('D1662', 20, 'Baharudin', ''),
('D1663', 20, 'Suwarno', ''),
('D1664', 20, 'Madiyanto', ''),
('D1665', 20, 'Mariyono', ''),
('D1666', 20, 'David', ''),
('D1667', 20, 'Wasimin', ''),
('D1668', 20, 'Jumiah', ''),
('D1669', 20, 'Munajah', ''),
('D1670', 20, 'Supardiyanto', ''),
('D1671', 20, 'Sukariyati', ''),
('D1672', 20, 'Risdiyanto', ''),
('D1673', 20, 'Poniran', ''),
('D1674', 20, 'Yatin', ''),
('D1675', 20, 'Hadi Ponid', ''),
('D1676', 20, 'Ebit', ''),
('D1677', 20, 'Tugiran', ''),
('D1678', 20, 'Paryanto', ''),
('D1679', 20, 'Sugiyadi', ''),
('D1680', 20, 'Andang', ''),
('D1681', 21, 'Mangun Rejo', ''),
('D1682', 21, 'Purwanto', ''),
('D1683', 21, 'Riyadi', ''),
('D1684', 21, 'Suroto', ''),
('D1685', 21, 'Siarjo', ''),
('D1686', 21, 'Muhasir', ''),
('D1687', 21, 'Uswanto', ''),
('D1688', 21, 'Ginah', ''),
('D1689', 21, 'Suyanto', ''),
('D1690', 21, 'Wasdiyanto', ''),
('D1691', 21, 'Yusuf', ''),
('D1692', 21, 'Ponidi', ''),
('D1693', 21, 'Pariman', ''),
('D1694', 21, 'Sugimin', ''),
('D1695', 21, 'Sugimin', ''),
('D1696', 21, 'Mandi', ''),
('D1697', 21, 'Margiyono', ''),
('D1698', 21, 'Magiyono', ''),
('D1699', 21, 'Suyatman', ''),
('D17', 4, 'Darman', ''),
('D1700', 21, 'Pujiyanto', ''),
('D1701', 21, 'Aris Munandar', ''),
('D1702', 21, 'Badiyo', ''),
('D1703', 21, 'Daliran', ''),
('D1704', 21, 'Widarto', ''),
('D1705', 21, 'Yatimin', ''),
('D1706', 21, 'Suwardi', ''),
('D1707', 21, 'Sri Mulyono', ''),
('D1708', 21, 'Slamet Riyadi', ''),
('D1709', 21, 'Mandiyanto', ''),
('D1710', 21, 'Ginem', ''),
('D1711', 21, 'Yadi', ''),
('D1712', 21, 'Supriyanto', ''),
('D1713', 21, 'Ngajirun', ''),
('D1714', 21, 'Subiyanto', ''),
('D1715', 21, 'Jumardi', ''),
('D1716', 21, 'Riyatno', ''),
('D1717', 21, 'Sumardi ', '2'),
('D1718', 21, 'Nur Kholis', ''),
('D1719', 21, 'Sumardi ', '4'),
('D1720', 21, 'Mujiyanto', ''),
('D1721', 21, 'Paino', ''),
('D1722', 21, 'Ngatijo', ''),
('D1723', 21, 'Sugiran', ''),
('D1724', 21, 'Yenu', ''),
('D1725', 21, 'Wasdiyanto', ''),
('D1726', 21, 'Salim', ''),
('D1727', 21, 'Misran', ''),
('D1728', 21, 'Suherman', ''),
('D1729', 21, 'Supomo', ''),
('D1730', 21, 'Wagino', ''),
('D1731', 21, 'Suryanto', ''),
('D1732', 21, 'Ngatemo', ''),
('D1733', 21, 'Junaidi', ''),
('D1734', 21, 'Bustam', ''),
('D1735', 21, 'Adi Wiyono', ''),
('D1736', 21, 'Dwi Suryanto', ''),
('D1737', 21, 'Timbul', ''),
('D1738', 21, 'Zakari', ''),
('D1739', 21, 'Zumrodin', ''),
('D1740', 21, 'Yamyari', ''),
('D1741', 21, 'Musrih', ''),
('D1742', 21, 'Sukijan', ''),
('D1743', 21, 'Riyadi ', '1'),
('D1744', 21, 'Paidi', ''),
('D1745', 21, 'Mardiyanto', ''),
('D1746', 21, 'Suyanto', '2'),
('D1747', 21, 'Widiyanto', ''),
('D1748', 21, 'Tugiran', ''),
('D1749', 21, 'Sukirah', ''),
('D1750', 21, 'Wagirah', ''),
('D1751', 21, 'Tugiyono', ''),
('D1752', 21, 'Kusnan', ''),
('D1753', 21, 'Marwanto', ''),
('D1754', 21, 'Majirun', ''),
('D1755', 21, 'Tohirman', ''),
('D1756', 21, 'Sugiran', '3'),
('D1757', 21, 'Wawan', ''),
('D1758', 21, 'Sutrisno', ''),
('D1759', 21, 'Daroji', ''),
('D1760', 21, 'Ahyadiyono', ''),
('D1761', 21, 'Khadiyono', ''),
('D1762', 21, 'Padi', ''),
('D1763', 21, 'Beni', ''),
('D1764', 21, 'Poniran', ''),
('D1765', 21, 'Tukijan', ''),
('D1766', 21, 'Sukiyono', ''),
('D1767', 21, 'Suwardi ', '2'),
('D1768', 21, 'Yadi', ''),
('D1769', 21, 'Dalari ', '2'),
('D1770', 22, 'Sugiyono', ''),
('D1771', 22, 'Juratmin', ''),
('D1772', 22, 'Pujimin', ''),
('D1773', 22, 'Sanuri', ''),
('D1774', 22, 'Trisno Utomo', ''),
('D1775', 22, 'Surahno', ''),
('D1776', 22, 'Sujiyono', ''),
('D1777', 22, 'Kardimin', ''),
('D1778', 22, 'Ngatijan', ''),
('D1779', 22, 'Tumijo', ''),
('D1780', 22, 'Nyiban', ''),
('D1781', 22, 'Sri Pracoyo', ''),
('D1782', 22, 'Mangku Sudarno', ''),
('D1783', 22, 'Sunaryanto', ''),
('D1784', 22, 'Juyadin', ''),
('D1785', 22, 'Diyono', ''),
('D1786', 22, 'Kardiyo', ''),
('D1787', 22, 'Suroso', ''),
('D1788', 22, 'Kuswanto', ''),
('D1789', 22, 'Marjuni', ''),
('D1790', 22, 'Wakirin', ''),
('D1791', 22, 'Nur Hasani', ''),
('D1792', 22, 'Nurul Huda', ''),
('D1793', 22, 'Sukijan', ''),
('D1794', 22, 'Pujirin', ''),
('D1795', 22, 'Tamzis / Jumbidi', ''),
('D1796', 22, 'Dariyo', ''),
('D1797', 22, 'Kardiyan', ''),
('D1798', 22, 'Tugiyo', ''),
('D1799', 22, 'Yatin', ''),
('D18', 4, 'Susilo', ''),
('D1800', 22, 'Misdi', ''),
('D1801', 22, 'Tri Wahyudi', ''),
('D1802', 22, 'Muhadi', ''),
('D1803', 22, 'Salim', ''),
('D1804', 22, 'A. Bahrudin', ''),
('D1805', 22, 'Wakirin', ''),
('D1806', 22, 'Edi Purnomo', ''),
('D1807', 22, 'Wahadi', ''),
('D1808', 22, 'Marwanto', ''),
('D1809', 22, 'Adi Utomo', ''),
('D1810', 22, 'Asih Suroso', ''),
('D1811', 22, 'Heri', ''),
('D1812', 22, 'Tugiran', ''),
('D1813', 22, 'Suwaji', ''),
('D1814', 22, 'Mardi', ''),
('D1815', 22, 'Giyanto', ''),
('D1816', 22, 'Jamadi', ''),
('D1817', 22, 'Suwiyanti', ''),
('D1818', 22, 'Sugiyanto', ''),
('D1819', 22, 'Sarijah', ''),
('D1820', 22, 'Jiyono', ''),
('D1821', 22, 'Suyanto', ''),
('D1822', 22, 'Afik', ''),
('D1823', 22, 'Dalyono', ''),
('D1824', 22, 'Mujiyo', ''),
('D1825', 22, 'Karwiyono', ''),
('D1826', 22, 'Romiyah', ''),
('D1827', 22, 'Wakidi', ''),
('D1828', 22, 'Pardi', ''),
('D1829', 22, ' Simpang', ''),
('D1830', 22, 'Sawabi', ''),
('D1831', 22, 'Juwardi', ''),
('D1832', 22, 'Tanu Rejo', ''),
('D1833', 22, 'Bagiyo', ''),
('D1834', 22, 'Supriyadi', ''),
('D1835', 22, 'Wahyudi', ''),
('D1836', 22, 'Sajiman', ''),
('D1837', 22, 'Salam', ''),
('D1838', 22, 'Waridi', ''),
('D1839', 22, 'Paridan', ''),
('D1840', 22, 'Nur Hasanun', ''),
('D1841', 22, 'Paeno', ''),
('D1842', 22, 'Widadi', ''),
('D1843', 22, 'Suharno', ''),
('D1844', 22, 'Kardimin', ''),
('D1845', 22, 'Jumiran', ''),
('D1846', 22, 'Lasidi', ''),
('D1847', 22, 'Samsudin', ''),
('D1848', 22, 'Temu', ''),
('D1849', 22, 'Sulami', ''),
('D1850', 22, 'Misbahul Munir', ''),
('D1851', 22, 'Salam', ''),
('D1852', 22, 'Dudik Hermawan', ''),
('D1853', 22, 'Paijan', ''),
('D1854', 22, 'Wantimin', ''),
('D1855', 22, 'Sariyo', ''),
('D1856', 22, 'Marsidin', ''),
('D1857', 22, 'Sardi', ''),
('D1858', 22, 'Mislam', ''),
('D1859', 22, 'Mujiran', ''),
('D1860', 22, 'Margiyono', ''),
('D1861', 22, 'Suwardiyono', ''),
('D1862', 22, 'Rosad', ''),
('D1863', 22, 'Setiawan', ''),
('D1864', 22, 'Sarwiyono', ''),
('D1865', 22, 'Jumikir', ''),
('D1866', 22, 'Wardiyono', '2'),
('D1867', 22, 'Supardiyono ', ''),
('D1868', 22, 'Siti Mahabah', ''),
('D1869', 22, 'Rudiman', ''),
('D1870', 22, 'Jamari', ''),
('D1871', 22, 'Sukidi', ''),
('D1872', 22, 'Tugiyo', ''),
('D1873', 22, 'Samido', ''),
('D1874', 22, 'Mujino', ''),
('D1875', 22, 'Slamet', ''),
('D1876', 22, 'Sunarno', ''),
('D1877', 22, 'Nono Sutik', ''),
('D1878', 22, 'Lasiyo', ''),
('D1879', 22, 'Munawir', ''),
('D1880', 22, 'Widadi', ''),
('D1881', 22, 'Anom Subroto', ''),
('D1882', 22, 'Nono Anggiyanto', ''),
('D1883', 22, 'Ngajirin', ''),
('D1884', 22, 'Mujahid', ''),
('D1885', 22, 'Pardiran', ''),
('D1886', 22, 'Suwandi', ''),
('D1887', 22, 'Wakido', ''),
('D1888', 22, 'Imanudin', ''),
('D1889', 22, 'Slamet Widodo', ''),
('D1890', 22, 'Suratdiyana', ''),
('D1891', 22, 'Tumiran', ''),
('D1892', 22, 'Sugiyono', ''),
('D1893', 22, 'Nono Anggiyanto', ''),
('D1894', 22, 'Samido', ''),
('D1895', 22, 'Lasirin', ''),
('D1896', 22, 'Adi Jimin', ''),
('D1897', 22, 'Suprih', ''),
('D1898', 22, 'Yatimin', ''),
('D1899', 22, 'Kudori', ''),
('D19', 4, 'Karto Rejo', ''),
('D1900', 22, 'Sukijo', ''),
('D1901', 22, 'Ngajiyo', ''),
('D1902', 22, 'Sukardi', ''),
('D1903', 22, 'Wasirah', ''),
('D1904', 22, 'Santoso', ''),
('D1905', 22, 'Jumar', ''),
('D1906', 22, 'Sutrisno ', '4'),
('D1907', 22, 'Sumidi', ''),
('D1908', 22, 'Teguh', ''),
('D1909', 22, 'Mukijan', ''),
('D1910', 23, 'Sumaryono', ''),
('D1911', 23, 'Pardi', ''),
('D1912', 23, 'Sagiyah', ''),
('D1913', 23, 'Sugiyarto', ''),
('D1914', 23, 'Wardani', ''),
('D1915', 23, 'Muslem', ''),
('D1916', 23, 'Banadi', ''),
('D1917', 23, 'Muryoto', ''),
('D1918', 23, 'Bahtiar', ''),
('D1919', 23, 'Mardi', ''),
('D1920', 23, 'Marju', ''),
('D1921', 23, 'Asroni', ''),
('D1922', 23, 'Munirudin', ''),
('D1923', 23, 'Sugiharto', ''),
('D1924', 23, 'Tujiyo', ''),
('D1925', 23, 'Nur Kholis', ''),
('D1926', 23, 'Fajar Sholeh', ''),
('D1927', 23, 'Madiyono', ''),
('D1928', 23, 'Toyiban', ''),
('D1929', 23, 'Wanto', ''),
('D1930', 23, 'Yosep Muslim', ''),
('D1931', 23, 'Rubiman', ''),
('D1932', 23, 'Asroriyah', ''),
('D1933', 23, 'Sulisman', ''),
('D1934', 23, 'Supriyanto', ''),
('D1935', 23, 'Widadi', ''),
('D1936', 23, 'Matori', ''),
('D1937', 23, 'Sudardi', ''),
('D1938', 23, 'Marji', ''),
('D1939', 23, 'Ngadinu', ''),
('D1940', 23, 'Marsudi', ''),
('D1941', 23, 'Tukilan', ''),
('D1942', 23, 'Mujirah', ''),
('D1943', 23, 'Sigit', ''),
('D1944', 23, 'Paidi', ''),
('D1945', 23, 'Makum', ''),
('D1946', 23, 'Ngatijo', ''),
('D1947', 23, 'Kasiyani', ''),
('D1948', 23, 'Ngaderi', ''),
('D1949', 23, 'Tuwimin', ''),
('D1950', 23, 'Sulisman', ''),
('D1951', 23, 'Gangsar', ''),
('D1952', 23, 'Ngadiyono', ''),
('D1953', 23, 'Sumidah', ''),
('D1954', 23, 'Markum', ''),
('D1955', 23, 'Jumiyem', ''),
('D1956', 23, 'Pardal', ''),
('D1957', 23, 'Supriyono', ''),
('D1958', 23, 'Fathul Munir', ''),
('D1959', 23, 'Tumijo', ''),
('D1960', 23, 'Bardi', ''),
('D1961', 23, 'Wahyu Kurniawan', ''),
('D1962', 23, 'Deni Ariyanto', ''),
('D1963', 23, 'Tukijan', ''),
('D1964', 23, 'Tugimin', ''),
('D1965', 23, 'Slamet', ''),
('D1966', 23, 'Asmawi', ''),
('D1967', 23, 'Sutarwan', ''),
('D1968', 23, 'Bagus', ''),
('D1969', 23, 'Ngadirun', ''),
('D1970', 23, 'Yulianto', ''),
('D1971', 23, 'Ifan', ''),
('D1972', 23, 'Mujilah', ''),
('D1973', 23, 'Sudadi', ''),
('D1974', 23, 'Musadad', ''),
('D1975', 23, 'Bardi', ''),
('D1976', 23, 'Sagiyah', ''),
('D1977', 23, 'Supardiyono', ''),
('D1978', 23, 'Jiman', ''),
('D1979', 23, 'Ja’far Sodiq', ''),
('D1980', 23, 'Nono Basuki', ''),
('D1981', 23, 'Sugiyo', ''),
('D1982', 23, 'Badeun', ''),
('D1983', 23, 'Sumidah', ''),
('D1984', 23, 'Wakirin', ''),
('D1985', 23, 'Kasilan', ''),
('D1986', 23, 'Agus', ''),
('D1987', 23, 'Burhanudin', ''),
('D1988', 23, 'Sugiyo', ''),
('D1989', 23, 'Muhadin', ''),
('D1990', 23, 'Samijan', ''),
('D1991', 23, 'Jumiah', ''),
('D1992', 23, 'Pardi', ''),
('D1993', 23, 'Miskan', ''),
('D1994', 23, 'Ngatijan', ''),
('D1995', 23, 'Musiyem', ''),
('D1996', 23, 'Kadimin', ''),
('D1997', 23, 'Ahmad Nurudin', ''),
('D1998', 23, 'Mahmudin', ''),
('D1999', 23, 'Rakijan', ''),
('D2', 4, 'Warsiyanto', ''),
('D20', 4, 'Paimah', ''),
('D2000', 23, 'Komarudin', ''),
('D2001', 23, 'Paijo', ''),
('D2002', 23, 'Sarjono', ''),
('D2003', 23, 'Mujirah', ''),
('D2004', 23, 'Mursidi', ''),
('D2005', 23, 'Sarjuni', ''),
('D2006', 23, 'Masyudin', ''),
('D2007', 23, 'M. Zuhri', ''),
('D2008', 23, 'Amanah', ''),
('D2009', 23, 'Hasanun', ''),
('D2010', 23, 'Warsidi', ''),
('D2011', 23, 'Hengki', ''),
('D2012', 23, 'Tugiman', ''),
('D2013', 23, 'Wijiyono', ''),
('D2014', 23, 'Habibullah', ''),
('D2015', 23, 'Sumargi', ''),
('D2016', 23, 'Iswanto', ''),
('D2017', 23, 'Marjiman', ''),
('D2018', 23, 'Hanif Lukman', ''),
('D2019', 23, 'Badarudin', ''),
('D2020', 23, 'Nur Rohmad', ''),
('D2021', 23, 'Asrofi', ''),
('D2022', 23, 'Danu Prabowo', ''),
('D2023', 23, 'Musarofah', ''),
('D2024', 23, 'Wasirudin', ''),
('D2025', 23, 'Nuryadi', ''),
('D2026', 23, 'Samsudi', ''),
('D2027', 23, 'Tujiyono', ''),
('D2028', 23, 'Yatin', ''),
('D2029', 23, 'Satijan', ''),
('D2030', 23, 'Toyiba', ''),
('D2031', 23, 'Safroni', ''),
('D2032', 23, 'Sadad', ''),
('D2033', 23, 'Sulistyo', ''),
('D2034', 23, 'Pairin', ''),
('D2035', 23, 'Mustakimah', ''),
('D2036', 23, 'Arif', ''),
('D2037', 23, 'Suherman', ''),
('D2038', 23, 'Samijan', ''),
('D2039', 23, 'Khoirudin', ''),
('D2040', 23, 'Ngaisah', ''),
('D2041', 23, 'Khoiru Zaka', ''),
('D2042', 23, 'Jawali', ''),
('D2043', 23, 'Suwandi', ''),
('D2044', 23, 'Andi', ''),
('D2045', 23, 'Pardiman', ''),
('D2046', 23, 'Ahmadi', ''),
('D2047', 23, 'Mufid', ''),
('D2048', 23, 'Jazari', ''),
('D2049', 23, 'Sumadi', ''),
('D2050', 23, 'Sambudi', ''),
('D2051', 23, 'Cahyo', ''),
('D2052', 23, 'Muhdayat', ''),
('D2053', 23, 'Karsidi', ''),
('D2054', 23, 'M. Arisman', ''),
('D2055', 23, 'Ngajikir', ''),
('D2056', 23, 'Yoyo', ''),
('D2057', 23, 'Badrun ', '3'),
('D2058', 23, 'Asnawi', ''),
('D2059', 23, 'Basirul Amin', ''),
('D2060', 23, 'Bambang', ''),
('D2061', 23, 'Munawar', ''),
('D2062', 23, 'Karjiyanto', ''),
('D2063', 23, 'Sugiyo', ''),
('D2064', 23, 'Ali Subahan', ''),
('D2065', 24, 'Purwo Harsono', ''),
('D2066', 24, 'Wiyadi', ''),
('D2067', 24, 'Sutrisno', ''),
('D2068', 24, 'Parjan', ''),
('D2069', 24, 'Samsul', ''),
('D2070', 25, 'Rubiman', ''),
('D2071', 25, 'Badri', ''),
('D2072', 25, 'Tumin', ''),
('D2073', 25, 'Karyo Mugiman', ''),
('D2074', 25, 'Sajikan', ''),
('D2075', 25, 'M. Nuril', ''),
('D2076', 26, 'Sumardi', ''),
('D2077', 26, 'Budi Haryanto', ''),
('D2078', 26, 'Sujono', ''),
('D2079', 26, 'Sumarno', ''),
('D2080', 26, 'Teguh', ''),
('D2081', 26, 'Sokimin', ''),
('D2082', 26, 'Budi Harjo', ''),
('D2083', 26, 'Tumijan', ''),
('D2084', 26, 'Giyadi', ''),
('D2085', 27, 'Sutarjono', ''),
('D2086', 27, 'Wiarjo', ''),
('D2087', 27, 'Parmin', ''),
('D2088', 27, 'Tujimin', ''),
('D2089', 27, 'Ngatirin', ''),
('D2090', 27, 'Tukar', ''),
('D2091', 27, 'Samidi', ''),
('D2092', 27, 'Supriyadi', ''),
('D2093', 27, 'Ngadiran', ''),
('D2094', 27, 'Waridi', ''),
('D2095', 27, 'Giman', ''),
('D2096', 27, 'Ngatimin', ''),
('D2097', 27, 'Ngatijo', ''),
('D2098', 27, 'Miskan', ''),
('D2099', 27, 'Edi', ''),
('D21', 4, 'Suwandi', ''),
('D2100', 28, 'Mugiyanto', ''),
('D2101', 28, 'Dito Wiryo', ''),
('D2102', 28, 'Heri', ''),
('D2103', 28, 'Sajiran', ''),
('D2104', 28, 'Nawi Kromo', ''),
('D2105', 28, 'Saniyem', ''),
('D2106', 28, 'Misran', ''),
('D2107', 28, 'Suherman', ''),
('D2108', 28, 'Sumidi', ''),
('D2109', 28, 'Sokarto', ''),
('D2110', 28, 'Suwardi', ''),
('D2111', 28, 'Ngadi', ''),
('D2112', 28, 'Sugiyanto', ''),
('D2113', 28, 'Legimin', ''),
('D2114', 28, 'Gismin', ''),
('D2115', 28, 'Tumiran', ''),
('D2116', 28, 'Ngadenan', ''),
('D2117', 28, 'Sukoco', ''),
('D2118', 28, 'Pendek', ''),
('D2119', 28, 'Panut', ''),
('D2120', 28, 'Marto Rejo', ''),
('D2121', 28, 'Supradi', ''),
('D2122', 28, 'Ponidi', ''),
('D2123', 28, 'Tumidi', ''),
('D2124', 28, 'Susanto', ''),
('D2125', 28, 'Feri', ''),
('D2126', 28, 'Poniyo', ''),
('D2127', 28, 'Sulasdi', ''),
('D2128', 28, 'Nadi Wiyono', ''),
('D2129', 28, 'Ngadikem', ''),
('D2130', 28, 'Ari Iswanto', ''),
('D2131', 28, 'Mudi', ''),
('D2132', 28, 'Wardi', ''),
('D2133', 28, 'Sukirman', ''),
('D2134', 28, 'Sujani', ''),
('D2135', 28, 'Suhardi', ''),
('D2136', 28, 'Juwariyem', ''),
('D2137', 28, 'Marwan', ''),
('D2138', 28, 'Parji', ''),
('D2139', 28, 'Sasminito', ''),
('D2140', 28, 'Paenah', ''),
('D2141', 28, 'Heri', ''),
('D2142', 28, 'Wajiyono', ''),
('D2143', 28, 'Andriyanto', ''),
('D2144', 28, 'Ngatino', ''),
('D2145', 28, 'Madi', ''),
('D2146', 28, 'Wakiman', ''),
('D2147', 28, 'Gumuni', ''),
('D2148', 28, 'Jumar', ''),
('D2149', 28, 'Mujiran', ''),
('D2150', 28, 'Jumakir', ''),
('D2151', 28, 'Karni', ''),
('D2152', 28, 'Tumiran ', '3'),
('D2153', 28, 'Sukimin', ''),
('D2154', 28, 'Samijan', ''),
('D2155', 28, 'Suradiyono', ''),
('D2156', 28, 'Tulasdi', ''),
('D2157', 28, 'Mudi Wiyoto', ''),
('D2158', 28, 'Suryadi', ''),
('D2159', 28, 'Jiman', ''),
('D2160', 28, 'Woniyanto', ''),
('D2161', 28, 'Rohadi', ''),
('D2162', 28, 'Slamet ', '3'),
('D2163', 28, 'Suparlip', ''),
('D2164', 28, 'Mino', ''),
('D2165', 28, 'Kardiyo', ''),
('D2166', 28, 'Kawidi', ''),
('D2167', 28, 'Dargito', ''),
('D2168', 28, 'Turijan', ''),
('D2169', 28, 'Jumikir', ''),
('D2170', 28, 'Tumijan', ''),
('D2171', 28, 'Pujo', ''),
('D2172', 28, 'Jumiran', ''),
('D2173', 28, 'Paiman', ''),
('D2174', 28, 'Parimin', ''),
('D2175', 28, 'Reso Wiyono', ''),
('D2176', 28, 'Yulian', ''),
('D2177', 28, 'Wasir', ''),
('D2178', 28, 'Sukiyo', ''),
('D2179', 28, 'Supato', ''),
('D2180', 28, 'Tugiman', ''),
('D2181', 28, 'Waginem', ''),
('D2182', 28, 'Tumiran', ''),
('D2183', 28, 'Sujono', ''),
('D2184', 28, 'Wakijo', ''),
('D2185', 28, 'Radinem', ''),
('D2186', 28, 'Pardiyo', ''),
('D2187', 28, 'Walidi', ''),
('D2188', 28, 'Jayadi', ''),
('D2189', 28, 'Warno', ''),
('D2190', 28, 'Suparno', ''),
('D2191', 28, 'Wajikem', ''),
('D2192', 28, 'Ngajiyem', ''),
('D2193', 28, 'Samiyem', ''),
('D2194', 28, 'Suryadi', ''),
('D2195', 28, 'Widi Utomo', ''),
('D2196', 28, 'Giyadi ', '3'),
('D2197', 28, 'Kartiman', ''),
('D2198', 28, 'Mukidi', ''),
('D2199', 28, 'Ngatiran', ''),
('D22', 4, 'Tugiyono', ''),
('D2200', 28, 'Poniyo ', '1'),
('D2201', 28, 'Rajinem', ''),
('D2202', 28, 'Ponijan', ''),
('D2203', 28, 'Wagirin', ''),
('D2204', 28, 'Ponidi', ''),
('D2205', 28, 'Lagiman', ''),
('D2206', 28, 'Samirin', ''),
('D2207', 28, 'Heru Nugroho', ''),
('D2208', 28, 'Puryanti', ''),
('D2209', 28, 'Slamet Amadi', ''),
('D2210', 28, 'Suradi', ''),
('D2211', 28, 'Ponirin', ''),
('D2212', 28, 'Giyadi ', '2'),
('D2213', 28, 'Kawidi', ''),
('D2214', 28, 'Sowiyono', ''),
('D2215', 28, 'Jumardi', ''),
('D2216', 28, 'Ngatinem / Subur', ''),
('D2217', 28, 'Kusnadi', ''),
('D2218', 28, 'Sugiyanto', ''),
('D2219', 28, 'Jumardi ', '3'),
('D2220', 28, 'Wiyno', ''),
('D2221', 28, 'Palihi', ''),
('D2222', 28, 'Wiyoto', ''),
('D2223', 28, 'Jumirin', ''),
('D2224', 28, 'Juminem', ''),
('D2225', 28, 'Suratman', ''),
('D2226', 28, 'Suharto', ''),
('D2227', 28, 'Bagio', ''),
('D2228', 28, 'Tujimin', ''),
('D2229', 28, 'Sumardiyono', ''),
('D2230', 28, 'Suwondo', ''),
('D2231', 28, 'Jiman', ''),
('D2232', 28, 'Ponijan', ''),
('D2233', 28, 'Sakiyem', ''),
('D2234', 28, 'Sudadi', ''),
('D2235', 28, 'Jupri', ''),
('D2236', 28, 'Mujiyanto', ''),
('D2237', 28, 'Tarman', ''),
('D2238', 28, 'Andri', ''),
('D2239', 28, 'Haryadi', ''),
('D2240', 28, 'Sido Nurudin', ''),
('D2241', 28, 'Panggung', ''),
('D2242', 28, 'Rujimin', ''),
('D2243', 28, 'Sunarto', ''),
('D2244', 28, 'Tujimin', ''),
('D2245', 28, 'Sumiran', ''),
('D2246', 28, 'Paikan', ''),
('D2247', 28, 'Ponijan', ''),
('D2248', 28, 'Tumidi', ''),
('D2249', 28, 'Maryono', ''),
('D2250', 28, 'Watijan', ''),
('D2251', 28, 'Pandri', ''),
('D2252', 28, 'Wasidi', ''),
('D2253', 28, 'Parsono', ''),
('D2254', 29, 'Jukani', ''),
('D2255', 29, 'Juwari', ''),
('D2256', 29, 'Suminto', ''),
('D2257', 29, 'Adi Suwito', ''),
('D2258', 29, 'Giyadi', ''),
('D2259', 29, 'Misran', ''),
('D2260', 29, 'Sogi', ''),
('D2261', 29, 'Yitno Rejo', ''),
('D2262', 29, 'Sakiyo', ''),
('D2263', 29, 'Mukri', ''),
('D2264', 29, 'Subandi', ''),
('D2265', 29, 'Kasirin', ''),
('D2266', 29, 'Cipto Miarjo', ''),
('D2267', 29, 'Jarwo', ''),
('D2268', 29, 'Poniran', ''),
('D2269', 29, 'Sutarno', ''),
('D2270', 29, 'Sudi', ''),
('D2271', 29, 'Pariyono', ''),
('D2272', 29, 'Sumardi', ''),
('D2273', 29, 'Giyardi', ''),
('D2274', 29, 'Sugiyadi', ''),
('D2275', 29, 'Sukiyo', ''),
('D2276', 29, 'Ranu', ''),
('D2277', 29, 'Murjito', ''),
('D2278', 29, 'Guno', ''),
('D2279', 29, 'Nadiyanto', ''),
('D2280', 29, 'Warjiyanto', ''),
('D2281', 29, 'Indriyono', ''),
('D2282', 29, 'Aseri', ''),
('D2283', 29, 'Tadi', ''),
('D2284', 29, 'Sugiman', ''),
('D2285', 29, 'Sidiq', ''),
('D2286', 29, 'Samidi', ''),
('D2287', 29, 'Susanto', ''),
('D2288', 29, 'Mujiman', ''),
('D2289', 29, 'Jumiyo', ''),
('D2290', 29, 'Suminto', ''),
('D2291', 29, 'Mudi Wiryo', ''),
('D2292', 29, 'Watikem', ''),
('D2293', 29, 'Sakiyem', ''),
('D2294', 29, 'Suparni', ''),
('D2295', 29, 'Sukiran', ''),
('D2296', 29, 'Wartinem', ''),
('D2297', 29, 'Pasiman', ''),
('D2298', 29, 'Sumardi', ''),
('D2299', 29, 'Supiyem', ''),
('D23', 4, 'Triyanto', ''),
('D2300', 29, 'Bikem', ''),
('D2301', 29, 'Kasimin', ''),
('D2302', 29, 'Poni', ''),
('D2303', 29, 'Wasidi', ''),
('D2304', 29, 'Suyadi', ''),
('D2305', 29, 'Poniman', ''),
('D2306', 29, 'Tumijan', ''),
('D2307', 29, 'Sukimin', ''),
('D2308', 29, 'Marjiyanto', ''),
('D2309', 29, 'Saginem', ''),
('D2310', 29, 'Sukiman', ''),
('D2311', 29, 'Sukis', ''),
('D2312', 29, 'Nanang', ''),
('D2313', 29, 'Agus ', '5'),
('D2314', 29, 'Tirta Wijaya', ''),
('D2315', 29, 'Yuwono', ''),
('D2316', 29, 'Paidi', ''),
('D2317', 29, 'Sugiran', ''),
('D2318', 29, 'Ponijan', ''),
('D2319', 29, 'Adi Wiyono', ''),
('D2320', 29, 'Restu', ''),
('D2321', 29, 'Panut', ''),
('D2322', 29, 'Susini', ''),
('D2323', 29, 'Mulyono', ''),
('D2324', 29, 'Indri', ''),
('D2325', 29, 'Agung Yudi', ''),
('D2326', 29, 'Iriyana ', '4'),
('D2327', 29, 'Mudiyarjo', ''),
('D2328', 29, 'Slamet ', '5'),
('D2329', 29, 'Kasiman', ''),
('D2330', 29, 'Paeyo', ''),
('D2331', 29, 'Kasimin', ''),
('D2332', 29, 'Supino', ''),
('D2333', 29, 'Marto Dinomo', ''),
('D2334', 29, 'Kliwon', ''),
('D2335', 29, 'Trisno Rejo', ''),
('D2336', 29, 'Giyanto', ''),
('D2337', 29, 'Ngatiman', ''),
('D2338', 29, 'Mukri', ''),
('D2339', 29, 'Wasir', ''),
('D2340', 29, 'Kusriyanto', ''),
('D2341', 29, 'Agus ', '2'),
('D2342', 29, 'Wasiman', ''),
('D2343', 29, 'Seno', ''),
('D2344', 29, 'Baijo', ''),
('D2345', 29, 'Jumirin', ''),
('D2346', 29, 'Sugito', ''),
('D2347', 29, 'Sukinah', ''),
('D2348', 29, 'Sutarjo', ''),
('D2349', 29, 'Suwoyo', ''),
('D2350', 29, 'Sokirin', ''),
('D2351', 29, 'Sukiyono', ''),
('D2352', 29, 'Poniyo', ''),
('D2353', 29, 'Yono', ''),
('D2354', 29, 'Gito', ''),
('D2355', 29, 'Wasiyardi', ''),
('D2356', 29, 'Sugiran', ''),
('D2357', 30, 'Jupri', ''),
('D2358', 30, 'Tukiji', ''),
('D2359', 30, 'Subandi', ''),
('D2360', 30, 'Jumidi', ''),
('D2361', 30, 'Tukiyo', ''),
('D2362', 30, 'Giyari', ''),
('D2363', 30, 'Agus', ''),
('D2364', 30, 'Markiyo', ''),
('D2365', 30, 'Basuki', ''),
('D2366', 30, 'Karsiyem', ''),
('D2367', 30, 'Asmo Wiarto', ''),
('D2368', 30, 'Wagimin', ''),
('D2369', 30, 'Markiyono', ''),
('D2370', 30, 'Karjono', ''),
('D2371', 30, 'Suwito', ''),
('D2372', 30, 'Mujiran', '');
INSERT INTO `kepala_keluarga` (`kode_keluarga`, `kode_dusun`, `nama_kepala`, `rt`) VALUES
('D2373', 30, 'Surahmat', ''),
('D2374', 30, 'Pariyanto', ''),
('D2375', 30, 'Jupri', ''),
('D2376', 30, 'Supriyadi', ''),
('D2377', 30, 'Marto Giyo', ''),
('D2378', 30, 'Sumadi', ''),
('D2379', 30, 'Margiyono', ''),
('D2380', 30, 'Adi Karsono', ''),
('D2381', 30, 'Tubaryanto', ''),
('D2382', 30, 'Narto Wiyono', ''),
('D2383', 30, 'Supriyono', ''),
('D2384', 30, 'Nerman', ''),
('D2385', 30, 'Mikan', ''),
('D2386', 30, 'Slamet', ''),
('D2387', 30, 'Supriyanto', ''),
('D2388', 30, 'Maryadi', ''),
('D2389', 30, 'Sunardi Utomo', ''),
('D2390', 30, 'Aris Priyono', ''),
('D2391', 30, 'Dono Prihatin', ''),
('D2392', 30, 'Munir', ''),
('D2393', 30, 'Wartini', ''),
('D2394', 30, 'Yono', ''),
('D2395', 30, 'Samilah', ''),
('D2396', 30, 'Ramudi', ''),
('D2397', 30, 'Wagiyem', ''),
('D2398', 30, 'Broto', ''),
('D2399', 30, 'Jupri ', '11'),
('D24', 4, 'Sigit', ''),
('D2400', 30, 'Efendi', ''),
('D2401', 30, 'Mustari', ''),
('D2402', 30, 'Aris Priyono', ''),
('D2403', 30, 'Suhardi', ''),
('D2404', 30, 'Basuki', ''),
('D2405', 30, 'Sarjuli', ''),
('D2406', 30, 'Sunarno', ''),
('D2407', 30, 'Suyadi', ''),
('D2408', 30, 'Juminem', ''),
('D2409', 30, 'Suro', ''),
('D2410', 30, 'Sumadi', ''),
('D2411', 30, 'Jumiran', ''),
('D2412', 30, 'Asmo Rejo', ''),
('D2413', 30, 'Kamiyono', ''),
('D2414', 30, 'Bandung Nugroho', ''),
('D2415', 30, 'Wakijan', ''),
('D2416', 30, 'Dwi', ''),
('D2417', 30, 'Tumiran', ''),
('D2418', 30, 'Ali Ikhsan', ''),
('D2419', 30, 'Subarmilu', ''),
('D2420', 30, 'Musiman', ''),
('D2421', 30, 'Kodiran', ''),
('D2422', 30, 'Kosyanto', ''),
('D2423', 30, 'Muyek', ''),
('D2424', 30, 'Markiyo', ''),
('D2425', 30, 'Ari', ''),
('D2426', 30, 'Wiyanto', ''),
('D2427', 30, 'Sitman', ''),
('D2428', 30, 'Rohman', ''),
('D2429', 30, 'Muhdi', ''),
('D2430', 30, 'Bowo', ''),
('D2431', 30, 'Tasmo Wiharjo', ''),
('D2432', 30, 'Sumiran', ''),
('D2433', 30, 'Sawiyah', ''),
('D2434', 30, 'Sugeng Rahayu', ''),
('D2435', 30, 'Pardiman', ''),
('D2436', 30, 'Subaryanto', ''),
('D2437', 30, 'Mujiyanto', ''),
('D2438', 30, 'Arif Rusbani', ''),
('D2439', 30, 'Wiro Sentono', ''),
('D2440', 30, 'Jumardi', ''),
('D2441', 30, 'Seno', ''),
('D2442', 30, 'Muh Tarmadi', ''),
('D2443', 30, 'Trisno Wiyadi', ''),
('D2444', 30, 'Sukirdi', ''),
('D2445', 30, 'Tugiran', ''),
('D2446', 30, 'Wasyanto', ''),
('D2447', 30, 'Miran', ''),
('D2448', 30, 'Masiyem', ''),
('D2449', 30, 'Karyadi', ''),
('D2450', 30, 'Mangun Wiyarjo', ''),
('D2451', 30, 'Wito Jiyono', ''),
('D2452', 30, 'Dadang Suherman', ''),
('D2453', 30, 'Pardi', ''),
('D2454', 30, 'Mariyanto', ''),
('D2455', 30, 'Amir', ''),
('D2456', 30, 'Tomo', ''),
('D2457', 30, 'Adi Warsono', ''),
('D2458', 30, 'Juwariyanto', ''),
('D2459', 30, 'Tukiman', ''),
('D2460', 30, 'Sugiran', ''),
('D2461', 30, 'Katiran', ''),
('D2462', 30, 'Adi Rantoyo', ''),
('D2463', 30, 'Giyono', ''),
('D2464', 30, 'Ngatinem', ''),
('D2465', 30, 'Musman', ''),
('D2466', 30, 'Ngadi', ''),
('D2467', 30, 'Juwarni', ''),
('D2468', 30, 'Slamet ', '8'),
('D2469', 30, 'Siyam', ''),
('D2470', 30, 'Paidi', ''),
('D2471', 30, 'Metro Diryo', ''),
('D2472', 30, 'Sami', ''),
('D2473', 30, 'Sukarji', ''),
('D2474', 30, 'Suali', ''),
('D2475', 30, 'Slamet ', '26'),
('D2476', 30, 'Arjo Suwito', ''),
('D2477', 30, 'Wasno', ''),
('D2478', 30, 'Nomo Sentono', ''),
('D2479', 30, 'Wakidi', ''),
('D2480', 30, 'Jumardi', ''),
('D2481', 30, 'Gareng', ''),
('D2482', 30, 'Budiman', ''),
('D2483', 30, 'Samsuri', ''),
('D2484', 30, 'Tumiran', ''),
('D2485', 30, 'Gunadi', ''),
('D2486', 30, 'Poniran', ''),
('D2487', 30, 'Zaini', ''),
('D2488', 30, 'Mujiyanto', ''),
('D2489', 30, 'Triyono', ''),
('D2490', 30, 'Ngajiran', ''),
('D2491', 30, 'Mariyadi', ''),
('D2492', 30, 'Supiyo', ''),
('D2493', 30, 'Subowo', ''),
('D2494', 30, 'Darman', ''),
('D2495', 30, 'Suratman', ''),
('D2496', 30, 'Sutimah', ''),
('D2497', 30, 'Masiyem', ''),
('D2498', 30, 'Tukiji', ''),
('D2499', 30, 'Sukimin', ''),
('D25', 4, 'Suminto', ''),
('D2500', 30, 'Darmo', ''),
('D2501', 30, 'Udi Utomo', ''),
('D2502', 30, 'Sumiran', ''),
('D2503', 30, 'Lanjar', ''),
('D2504', 30, 'Narto Wiyono', ''),
('D2505', 30, 'Tumardi', ''),
('D2506', 30, 'Sugeng', ''),
('D2507', 30, 'Tono Widodo', ''),
('D2508', 30, 'Yanto', ''),
('D2509', 30, 'Tukiyem', ''),
('D2510', 30, 'Ali', ''),
('D2511', 30, 'Supamrih', ''),
('D2512', 30, 'Widodo', ''),
('D2513', 30, 'Paijo', ''),
('D2514', 30, 'Katiran', ''),
('D2515', 30, 'Mardadi', ''),
('D2516', 30, 'Suyadi', '34'),
('D2517', 30, 'Sutris', ''),
('D2518', 30, 'Sukadi', ''),
('D2519', 30, 'Miran', ''),
('D2520', 30, 'Adi Katiran', ''),
('D2521', 30, 'Wismo', ''),
('D2522', 30, 'Duriat', ''),
('D2523', 30, 'Sulisno', ''),
('D2524', 30, 'Suhardi', ''),
('D2525', 30, 'Narto Utomo', ''),
('D2526', 30, 'Sutrisno', ''),
('D2527', 30, 'Karyadi', ''),
('D2528', 30, 'Hambali', ''),
('D2529', 31, 'Ahmad Damami', ''),
('D2530', 31, 'Tumijan', ''),
('D2531', 31, 'Pardi', ''),
('D2532', 31, 'Sohiran', ''),
('D2533', 31, 'Rubiyo', ''),
('D2534', 31, 'Tugiran', ''),
('D2535', 31, 'Amad Sawabi', ''),
('D2536', 31, 'Wahijan', ''),
('D2537', 31, 'Giyo', ''),
('D2538', 31, 'Somo', ''),
('D2539', 31, 'Sagimin', ''),
('D2540', 31, 'Mulyadi', ''),
('D2541', 31, 'Badarudin', ''),
('D2542', 31, 'Wagiyem', ''),
('D2543', 31, 'Tasnamu', ''),
('D2544', 31, 'Amad Damiri', ''),
('D2545', 31, 'Tugiran', ''),
('D2546', 31, 'Ngatemo', ''),
('D2547', 31, 'Ngatijo', ''),
('D2548', 31, 'Mukinem', ''),
('D2549', 31, 'Sumardi', ''),
('D2550', 31, 'Asrofi', ''),
('D2551', 31, 'Palmo', ''),
('D2552', 31, 'Poniman', ''),
('D2553', 31, 'Oni Paranto', ''),
('D2554', 31, 'Heru Puranto', ''),
('D2555', 31, 'Samingin', ''),
('D2556', 31, 'Ginawan', ''),
('D2557', 31, 'Ngadiman', ''),
('D2558', 31, 'Subingah', ''),
('D2559', 31, 'Narto Utomo', ''),
('D2560', 31, 'Ngatimin', ''),
('D2561', 31, 'Ngatiman', ''),
('D2562', 31, 'Rusdiyono', ''),
('D2563', 31, 'Khoirudin', ''),
('D2564', 31, 'Tumijo', ''),
('D2565', 31, 'Tumijan', ''),
('D2566', 31, 'Rais', ''),
('D2567', 31, 'Bambang', ''),
('D2568', 31, 'Wagiran', ''),
('D2569', 31, 'Salami', ''),
('D2570', 31, 'Musari', ''),
('D2571', 31, 'Sukardi', ''),
('D2572', 31, 'Samiran', ''),
('D2573', 31, 'Wagiran', ''),
('D2574', 31, 'Ngadirin', ''),
('D2575', 31, 'Priyono', ''),
('D2576', 31, 'Sogiran', ''),
('D2577', 31, 'Partinah', ''),
('D2578', 31, 'Arjo Semito', ''),
('D2579', 31, 'Sawabi', ''),
('D2580', 31, 'Sri Wahyudi', ''),
('D2581', 31, 'Hasim', ''),
('D2582', 31, 'Tugiman', ''),
('D2583', 31, 'Sulaiman', ''),
('D2584', 31, 'Wahadi M', ''),
('D2585', 32, 'Supari', ''),
('D2586', 32, 'Apid', ''),
('D2587', 32, 'Priyono', ''),
('D2588', 32, 'Sanirah', ''),
('D2589', 32, 'Sohiran', ''),
('D2590', 32, 'Giyo', ''),
('D2591', 32, 'Supirah', ''),
('D2592', 32, 'Sarmin', ''),
('D2593', 32, 'Gandung', ''),
('D2594', 32, 'Sarmin', ''),
('D2595', 32, 'Isbani', ''),
('D2596', 32, 'Supandi', ''),
('D2597', 32, 'Basirun', ''),
('D2598', 33, 'Pardiyono', ''),
('D2599', 33, 'Winardi', ''),
('D26', 4, 'Samidi', ''),
('D2600', 33, 'Sarjiman', ''),
('D2601', 33, 'Samilah', ''),
('D2602', 33, 'Marsudi', ''),
('D2603', 33, 'Rusmiati', ''),
('D2604', 33, 'Jumiyem', ''),
('D2605', 33, 'Gito Wiyono', ''),
('D2606', 33, 'Rusdianto', ''),
('D2607', 33, 'Suyatno', ''),
('D2608', 33, 'Puji Raharjo', ''),
('D2609', 33, 'Ngadimin', ''),
('D261', 6, 'Yatmini', ''),
('D2610', 33, 'Maryono', ''),
('D2611', 33, 'Sumidi', ''),
('D2612', 33, 'Ngatiran', ''),
('D2613', 33, 'Rusdiyatno', ''),
('D2614', 33, 'Tukimin', ''),
('D2615', 33, 'Rupiman', ''),
('D2616', 33, 'Somiran', ''),
('D2617', 33, 'Widodo', ''),
('D2618', 33, 'Suyanto', ''),
('D2619', 33, 'Hariyanto', ''),
('D262', 6, 'Wawan', ''),
('D2620', 33, 'Ponijan', ''),
('D2621', 33, 'Winardi', ''),
('D2622', 33, 'Wagiman', ''),
('D2623', 33, 'Iswanto', ''),
('D2624', 33, 'Rukiyem', ''),
('D2625', 33, 'Timo Tinus', ''),
('D2626', 33, 'Kismo Wiyono', ''),
('D2627', 33, 'Suratno', ''),
('D2628', 34, 'Giyo', ''),
('D2629', 34, 'Sugimin', ''),
('D263', 6, 'Lamhari', ''),
('D2630', 34, 'Simpang', ''),
('D2631', 34, 'Sarmidiyono', ''),
('D2632', 34, 'Suyadi', ''),
('D2633', 34, 'Sumardi', ''),
('D2634', 34, 'Suradi', ''),
('D2635', 34, 'Muryadi', ''),
('D2636', 34, 'Wahyono', ''),
('D2637', 34, 'Tukijan', ''),
('D2638', 34, 'Sutrisman', ''),
('D2639', 34, 'Sajimin', ''),
('D264', 6, 'Sugiyono', ''),
('D2640', 34, 'Murdiyono', ''),
('D2641', 34, 'Sumardi ', '3'),
('D2642', 34, 'Tuimin', ''),
('D2643', 34, 'Isgiyono', ''),
('D2644', 34, 'Paijo', ''),
('D2645', 34, 'Turut', ''),
('D2646', 34, 'Mukiran', ''),
('D2647', 34, 'Suraji', ''),
('D2648', 34, 'Priyo', ''),
('D2649', 34, 'Sukimin', ''),
('D265', 6, 'Winardi', ''),
('D2650', 35, 'Andi', ''),
('D2651', 35, 'Sudiyo', ''),
('D2652', 35, 'Musduyono', ''),
('D2653', 35, 'Musdiyono', ''),
('D2654', 35, 'Kurniawan', ''),
('D2655', 35, 'Pardiyono', ''),
('D2656', 35, 'Sugiyanto', ''),
('D2657', 35, 'Yadiyono', ''),
('D2658', 35, 'Ngatimin', ''),
('D2659', 35, 'Andriyan', ''),
('D266', 6, 'Poniran', ''),
('D2660', 35, 'Sugiyadi', ''),
('D2661', 35, 'Wagiyono', ''),
('D2662', 35, 'Suyadi', ''),
('D2663', 35, 'Sukiran', ''),
('D2664', 35, 'Suratman', ''),
('D2665', 35, 'Murtoyo', ''),
('D2666', 35, 'Supriyanto', ''),
('D2667', 35, 'Sarip', ''),
('D2668', 35, 'Riyan', ''),
('D2669', 36, 'Sugiman', ''),
('D267', 6, 'Giyatman', ''),
('D2670', 36, 'Kerdi', ''),
('D2671', 36, 'Tasmo Rejo', ''),
('D2672', 36, 'Tumirin', ''),
('D2673', 36, 'Suharno', ''),
('D2674', 36, 'Sutrisno', ''),
('D2675', 36, 'Paiman', ''),
('D2676', 36, 'Sukiman', ''),
('D2677', 36, 'Mudiyono', ''),
('D2678', 36, 'Jumiran', ''),
('D2679', 36, 'Iman Hariman', ''),
('D268', 6, 'Elis Suwanto', ''),
('D2680', 36, 'Pardan', ''),
('D2681', 36, 'Kamijo', ''),
('D2682', 36, 'Tunggal', ''),
('D2683', 36, 'Dian', ''),
('D2684', 36, 'M. Muslih', ''),
('D2685', 36, 'Jumiran', ''),
('D2686', 36, 'Yatemo', ''),
('D2687', 36, 'Nurdiyanto', ''),
('D2688', 36, 'Mislan', ''),
('D2689', 36, 'Sugiyo', ''),
('D269', 6, 'Giyatno', ''),
('D2690', 36, 'Reno', ''),
('D2691', 36, 'Sarjimin', ''),
('D2692', 36, 'Giyono', ''),
('D2693', 36, 'Nur Krisdiyantoro', ''),
('D2694', 36, 'Dwi Nuryanto', ''),
('D2695', 36, 'Wasidi', ''),
('D2696', 36, 'Santoso', ''),
('D2697', 36, 'Sumidi', ''),
('D2698', 36, 'Kemiran', ''),
('D2699', 36, 'Karyono', ''),
('D27', 4, 'Jumiran', ''),
('D270', 6, 'Heri ', ''),
('D2700', 36, 'Rubiman', ''),
('D2701', 36, 'Wakijan', ''),
('D2702', 36, 'Yunanto', ''),
('D2703', 36, 'Sukamto', ''),
('D2704', 36, 'Mardiyono', ''),
('D2705', 36, 'Ngatiyah', ''),
('D2706', 36, 'Sugiyatmo', ''),
('D2707', 36, 'Kamijo', ''),
('D2708', 36, 'Pardi Sutrisno', ''),
('D2709', 36, 'Yatimin', ''),
('D271', 6, 'Wakidi', ''),
('D2710', 36, 'Wahadi', ''),
('D2711', 36, 'Anto', ''),
('D2712', 36, 'Slamet', ''),
('D2713', 36, 'Yoso Sentono', ''),
('D2714', 36, 'Yanto ', '1'),
('D2715', 36, 'Sagiran', ''),
('D2716', 36, 'Giman ', '9'),
('D2717', 36, 'Wasna ', '7'),
('D2718', 36, 'Ngatiran', ''),
('D2719', 36, 'Turidi', ''),
('D272', 6, 'Rinto', ''),
('D2720', 36, 'Mursiyem', ''),
('D2721', 36, 'Pariah', ''),
('D2722', 36, 'Sutam', ''),
('D2723', 36, 'Winardi', ''),
('D2724', 36, 'Tumin', ''),
('D2725', 36, 'Wandi', ''),
('D2726', 36, 'Ponijo', ''),
('D2727', 36, 'Paiman ', '2'),
('D2728', 36, 'Harun', ''),
('D2729', 36, 'Setiawan', ''),
('D273', 6, 'Ngadiran', ''),
('D2730', 36, 'Legiman', ''),
('D2731', 36, 'Riyatno', ''),
('D2732', 36, 'Giman', ''),
('D2733', 36, 'Nardi', ''),
('D2734', 36, 'Paino', ''),
('D2735', 36, 'Slamet', ''),
('D2736', 36, 'Paimin', ''),
('D2737', 36, 'Giyanto', ''),
('D2738', 36, 'Suryadi', ''),
('D2739', 36, 'Riyanto', ''),
('D274', 6, 'Marwanto', ''),
('D2740', 36, 'Tarto', ''),
('D2741', 36, 'Tumidi', ''),
('D2742', 36, 'Samiran', ''),
('D2743', 36, 'Muhari', ''),
('D2744', 36, 'Tukimin', ''),
('D2745', 36, 'Gito', ''),
('D2746', 36, 'Giran', ''),
('D2747', 36, 'Ponijan', ''),
('D2748', 36, 'Relo', ''),
('D2749', 36, 'Subar', ''),
('D275', 6, 'Dwi Surahman', ''),
('D2750', 36, 'Panggih', ''),
('D2751', 36, 'Rubiman', ''),
('D2752', 36, 'Kamijan', ''),
('D2753', 36, 'Jinem', ''),
('D2754', 36, 'Mugiyat', ''),
('D2755', 36, 'Lasto', ''),
('D2756', 36, 'Sugeng', ''),
('D2757', 36, 'Ponijan ', '3'),
('D2758', 36, 'Legiman', ''),
('D2759', 36, 'Turidi', ''),
('D276', 6, 'M. Ali Mustofa', ''),
('D2760', 36, 'Mursiyem', ''),
('D2761', 36, 'Pariah', ''),
('D2762', 36, 'Sutam', ''),
('D2763', 36, 'Winardi', ''),
('D2764', 36, 'Tumin', ''),
('D2765', 36, 'Wandi', ''),
('D2766', 36, 'Ponijo', ''),
('D2767', 36, 'Paiman ', '2'),
('D2768', 36, 'Harun', ''),
('D2769', 36, 'Setiawan', ''),
('D277', 6, 'Rohmadi', ''),
('D2770', 36, 'Legiman', ''),
('D2771', 36, 'Riyatno', ''),
('D2772', 36, 'Giman', ''),
('D2773', 36, 'Nardi', ''),
('D2774', 36, 'Paino', ''),
('D2775', 36, 'Slamet', ''),
('D2776', 36, 'Paimin', ''),
('D2777', 36, 'Giyanto', ''),
('D2778', 36, 'Suryadi', ''),
('D2779', 36, 'Riyanto', ''),
('D278', 6, 'Wagimin', ''),
('D2780', 36, 'Tarto', ''),
('D2781', 36, 'Tumidi', ''),
('D2782', 36, 'Samiran', ''),
('D2783', 36, 'Muhari', ''),
('D2784', 36, 'Tukimin', ''),
('D2785', 36, 'Gito', ''),
('D2786', 36, 'Giran', ''),
('D2787', 36, 'Ponijan', ''),
('D2788', 36, 'Relo', ''),
('D2789', 36, 'Subar', ''),
('D279', 6, 'Ranu Rejo', ''),
('D2790', 36, 'Panggih', ''),
('D2791', 36, 'Rubiman', ''),
('D2792', 36, 'Kamijan', ''),
('D2793', 36, 'Jinem', ''),
('D2794', 36, 'Mugiyat', ''),
('D2795', 36, 'Lasto', ''),
('D2796', 36, 'Sugeng', ''),
('D2797', 36, 'Ponijan ', '3'),
('D2798', 36, 'Legiman', ''),
('D2799', 37, 'Nurhadi', ''),
('D28', 4, 'Suyono', ''),
('D280', 6, 'Giyono', ''),
('D2800', 37, 'Zaenuri', ''),
('D2801', 37, 'A. Tohir Hamidi ', ''),
('D2802', 37, 'Purnomo', ''),
('D2803', 37, 'Wasirah', ''),
('D2804', 37, 'Aan Junaidi', ''),
('D2805', 37, 'Marjuni', ''),
('D2806', 37, 'Siswayem', ''),
('D2807', 37, 'Sujuni', ''),
('D2808', 37, 'Suwino', ''),
('D2809', 37, 'Pandal', ''),
('D281', 6, 'Sigit', ''),
('D2810', 37, 'Wiyanto', ''),
('D2811', 37, 'Ngatemo', ''),
('D2812', 37, 'Ahmad Ngabit', ''),
('D2813', 37, 'Waginem', ''),
('D2814', 37, 'Nasrulah', ''),
('D2815', 37, 'Iman Gazali', ''),
('D2816', 37, 'Pariman', ''),
('D2817', 37, 'Badarudin', ''),
('D2818', 37, 'Makijo', ''),
('D2819', 37, 'Wayem', ''),
('D282', 6, 'Wiyanto/Gimin', ''),
('D2820', 37, 'Marwito', ''),
('D2821', 37, 'Muksan', ''),
('D2822', 37, 'M. Mahmud', ''),
('D2823', 37, 'Tohir', ''),
('D2824', 37, 'Musringah', ''),
('D2825', 37, 'Juwadi', ''),
('D2826', 37, 'Sagiran', ''),
('D2827', 37, 'Daud', ''),
('D2828', 37, 'M. Firdaus', ''),
('D2829', 37, 'Sahid', ''),
('D283', 6, 'Suyadi', ''),
('D2830', 37, 'Suhudi', ''),
('D2831', 37, 'Dasilah', ''),
('D2832', 37, 'Subkan', ''),
('D2833', 37, 'Davit Efendi', ''),
('D2834', 37, 'Sukiman', ''),
('D2835', 37, 'Solehan', ''),
('D2836', 37, 'Fauqi', ''),
('D2837', 37, 'Jawahir', ''),
('D2838', 37, 'Ngatemo ', '1'),
('D2839', 37, 'Paino', ''),
('D284', 6, 'Subagyo', ''),
('D2840', 37, 'Juadi', ''),
('D2841', 37, 'Edi Kuswanto', ''),
('D2842', 37, 'Samsudin', ''),
('D2843', 38, 'Pardal', ''),
('D2844', 38, 'Sukino', ''),
('D2845', 38, 'Wagiman', ''),
('D2846', 38, 'Suwino', ''),
('D2847', 38, 'Samiyem', ''),
('D2848', 38, 'Witaran', ''),
('D2849', 38, 'Komari', ''),
('D285', 6, 'Purwanto', ''),
('D2850', 38, 'Maryadi', ''),
('D2851', 38, 'Giyanto', ''),
('D2852', 38, 'Paijo', ''),
('D2853', 38, 'Tumadi', ''),
('D2854', 38, 'Yulianto', ''),
('D2855', 38, 'Karto Rejo', ''),
('D2856', 38, 'Wakijo', ''),
('D2857', 38, 'Wagiyo', ''),
('D2858', 38, 'Kardiyono', ''),
('D2859', 38, 'Sutanto', ''),
('D286', 6, 'Zaenal', ''),
('D2860', 38, 'Sugiyanto', ''),
('D2861', 38, 'Ana Puji', ''),
('D2862', 38, 'Daluri', ''),
('D2863', 38, 'Sukandi', ''),
('D2864', 38, 'Wasidi', ''),
('D2865', 38, 'Heri', ''),
('D2866', 38, 'Harjo Utomo', ''),
('D2867', 38, 'Miskam', ''),
('D2868', 38, 'Diyono', ''),
('D2869', 38, 'Purwanto', ''),
('D287', 6, 'Rubiyo', ''),
('D2870', 38, 'Rudiyanto', ''),
('D2871', 38, 'Parsiyem', ''),
('D2872', 38, 'Jinem', ''),
('D2873', 38, 'Arif S', ''),
('D2874', 38, 'Mukiran', ''),
('D2875', 38, 'Gito Utomo', ''),
('D2876', 38, 'Samiran', ''),
('D2877', 38, 'Bambang', ''),
('D2878', 38, 'Dwi Aryanto', ''),
('D2879', 38, 'Eko Wahyudi', ''),
('D288', 6, 'Sutardi', ''),
('D2880', 38, 'Ngadiman', ''),
('D2881', 38, 'Trisno Suwito', ''),
('D2882', 38, 'Samiran', ''),
('D2883', 38, 'Farhan', ''),
('D2884', 38, 'Wandi', ''),
('D2885', 38, 'Hadi Suyanto', ''),
('D2886', 38, 'Sukamti', ''),
('D2887', 38, 'Sumardi', ''),
('D2888', 38, 'Basiran', ''),
('D2889', 38, 'Mujinem', ''),
('D289', 6, 'Ngatemo', ''),
('D2890', 38, 'Wakidi', ''),
('D2891', 38, 'Sutam', ''),
('D2892', 38, 'Madiyono', ''),
('D2893', 38, 'Suwandi', ''),
('D2894', 38, 'Sukadi', ''),
('D2895', 38, 'Priyo Harjono', ''),
('D2896', 38, 'Suripto', ''),
('D2897', 38, 'Supangkat', ''),
('D2898', 38, 'Ngatiran', ''),
('D2899', 38, 'Amat Yadi', ''),
('D29', 4, 'Puji', ''),
('D290', 6, 'Muhari Triyono', ''),
('D2900', 38, 'Warto Wiyono', ''),
('D2901', 38, 'Ponoman', ''),
('D2902', 38, 'Patmo', ''),
('D2903', 38, 'Ngadiko', ''),
('D2904', 38, 'Dutaryono', ''),
('D2905', 38, 'Slamet', ''),
('D2906', 38, 'Wagimin', ''),
('D2907', 38, 'Paryadi', ''),
('D2908', 38, 'Pardi', ''),
('D2909', 38, 'Sanim', ''),
('D291', 6, 'Muhdiyono', ''),
('D2910', 38, 'Sukirman', ''),
('D2911', 38, 'Sukiyat', ''),
('D2912', 38, 'Ngatijo', ''),
('D2913', 38, 'Tugiran ', '3'),
('D2914', 38, 'Sagiyono', ''),
('D2915', 38, 'Toliq', ''),
('D2916', 38, 'Tumiran', ''),
('D2917', 38, 'Zaenudin', ''),
('D2918', 38, 'Sumardi', '1'),
('D2919', 38, 'Trisno Utomo', ''),
('D292', 6, 'Sugiran', ''),
('D2920', 39, 'Supriyono', ''),
('D2921', 39, 'Tumadi', ''),
('D2922', 39, 'Supriyanto', ''),
('D2923', 39, 'Giyono', ''),
('D2924', 39, 'Parni', ''),
('D2925', 39, 'Subaryanto', ''),
('D2926', 39, 'Sepen', ''),
('D2927', 39, 'Ris Gunawan', ''),
('D2928', 39, 'Suwondo', ''),
('D2929', 39, 'Sugirah', ''),
('D293', 6, 'Wagiman', ''),
('D2930', 39, 'Hartono', ''),
('D2931', 39, 'Parsidi', ''),
('D2932', 39, 'Paidi', ''),
('D2933', 39, 'Tohari', ''),
('D2934', 39, 'Sajiman', ''),
('D2935', 39, 'Gunanto', ''),
('D2936', 39, 'Suyoto', ''),
('D2937', 39, 'Poniyem', ''),
('D2938', 39, 'Rubiman', ''),
('D2939', 39, 'Wakinem', ''),
('D294', 6, 'Ponimin (Widiyanto)', ''),
('D2940', 39, 'Sugiran ', '4'),
('D2941', 39, 'Ngatijem', ''),
('D2942', 39, 'Saminem', ''),
('D2943', 39, 'Paimin', ''),
('D2944', 39, 'Tupan', ''),
('D2945', 39, 'Ponidi', ''),
('D2946', 39, 'Agus', ''),
('D2947', 39, 'Wagiran', ''),
('D2948', 39, 'Paikin', ''),
('D2949', 39, 'Sukadi', ''),
('D295', 6, 'Suyanti', ''),
('D2950', 39, 'Pariyono', ''),
('D2951', 39, 'Mujiran', ''),
('D2952', 39, 'Wakimin', ''),
('D2953', 39, 'Mangun', ''),
('D2954', 39, 'Ngatiyo', ''),
('D2955', 39, 'Parto', ''),
('D2956', 39, 'Hendra', ''),
('D2957', 39, 'Mardi Wiyono', ''),
('D2958', 39, 'Ginardi', ''),
('D2959', 39, 'Jumari', ''),
('D296', 6, 'Mugiyanto', ''),
('D2960', 39, 'Jumiran ', '2'),
('D2961', 39, 'Sudiharjo', ''),
('D2962', 39, 'Sardi', ''),
('D2963', 39, 'Suyanto', ''),
('D2964', 39, 'Huriyanto', ''),
('D2965', 39, 'Poniran', ''),
('D2966', 39, 'Tumiran', ''),
('D2967', 39, 'Paryono', ''),
('D2968', 39, 'Jumiran B', '4'),
('D2969', 39, 'Sawabi', ''),
('D297', 6, 'Sukarman', ''),
('D2970', 39, 'Pardi ', '8'),
('D2971', 39, 'Tugiyanto', ''),
('D2972', 39, 'Sukiran', ''),
('D2973', 39, 'Sarifudin ', ''),
('D2974', 39, 'Suyoto', ''),
('D2975', 39, 'Saparudin', ''),
('D2976', 39, 'Piriyanto', ''),
('D2977', 39, 'Sagiran', ''),
('D2978', 39, 'Widodo', ''),
('D2979', 39, 'Wasito', ''),
('D298', 6, 'Tumijo', ''),
('D2980', 39, 'Kasiran', ''),
('D2981', 39, 'Asmo Wagimin', ''),
('D2982', 39, 'Tukijo', ''),
('D2983', 39, 'Pardiyono', ''),
('D2984', 39, 'Suhardi', ''),
('D2985', 39, 'Kariyanto', ''),
('D2986', 39, 'Parjilan', ''),
('D2987', 39, 'Miskan', ''),
('D2988', 39, 'Wagiran ', '1'),
('D2989', 39, 'Wasiman', ''),
('D299', 6, 'Zaenuri', ''),
('D2990', 39, 'Diyono', ''),
('D2991', 39, 'Tri Yanto', ''),
('D2992', 39, 'Paeran', ''),
('D2993', 39, 'Ngatimin', ''),
('D2994', 39, 'Pardi', ''),
('D2995', 39, 'Sudiman', ''),
('D2996', 39, 'Purwito', ''),
('D2997', 39, 'Piranto', ''),
('D2998', 39, 'Wagiyo', ''),
('D2999', 39, 'Paimo', ''),
('D3', 4, 'Jimin', ''),
('D30', 4, 'Midi', ''),
('D300', 6, 'Sukijo', ''),
('D3000', 39, 'Ngaderi', ''),
('D3001', 39, 'Heri Raharjo', ''),
('D3002', 39, 'Tugiman', ''),
('D3003', 39, 'Supari', ''),
('D3004', 39, 'Ngatiman', ''),
('D3005', 39, 'Mulyono', ''),
('D3006', 39, 'Ponijan', ''),
('D3007', 39, 'Slamet', ''),
('D3008', 39, 'Subaryanto', ''),
('D3009', 39, 'Wargi', ''),
('D301', 6, 'Sugeng', ''),
('D3010', 39, 'Yuriyanto', ''),
('D3011', 39, 'Sutiran', ''),
('D3012', 39, 'Narwiyono', ''),
('D3013', 39, 'Sukiran', ''),
('D3014', 39, 'Parno', ''),
('D3015', 39, 'Subardi', ''),
('D3016', 39, 'Sugiyanto', ''),
('D3017', 39, 'Agus Aryanto', ''),
('D3018', 39, 'Subardi', ''),
('D3019', 39, 'Sugiran', ''),
('D302', 6, 'Ashari', ''),
('D3020', 39, 'Lasirah', ''),
('D3021', 39, 'Ngalimin', ''),
('D3022', 39, 'Sehono', ''),
('D3023', 39, 'Jumiran', ''),
('D3024', 39, 'Sukani', ''),
('D3025', 39, 'Ponimman', ''),
('D3026', 39, 'Maryono', ''),
('D3027', 39, 'Paidi ', '3'),
('D3028', 39, 'Miskam', ''),
('D3029', 39, 'Paidi ', '2'),
('D303', 6, 'Samsuhadi', ''),
('D3030', 40, 'Supandi', ''),
('D3031', 40, 'Yulianto', ''),
('D3032', 40, 'Ponijah', ''),
('D3033', 40, 'Sujani', ''),
('D3034', 40, 'Sukiman', ''),
('D3035', 40, 'Sukir', ''),
('D3036', 40, 'Sumiran', ''),
('D3037', 40, 'Munawaroh', ''),
('D3038', 40, 'Mulyo Rejo', ''),
('D3039', 40, 'Heri Sarwono', ''),
('D304', 6, 'Madiyono', ''),
('D3040', 40, 'Suyoto', ''),
('D3041', 40, 'Subari', ''),
('D3042', 40, 'Basirun', ''),
('D3043', 40, 'Poniran', ''),
('D3044', 40, 'Suradi', ''),
('D3045', 40, 'Kasidi', ''),
('D3046', 40, 'Tuginem', ''),
('D3047', 40, 'Wakijo', ''),
('D3048', 40, 'Karso Rejo', ''),
('D3049', 40, 'Poniran ', '5'),
('D305', 6, 'Tukiman', ''),
('D3050', 40, 'Muh Saleh', ''),
('D3051', 40, 'Asmo', ''),
('D3052', 40, 'Tugimin', ''),
('D3053', 40, 'Paijo', ''),
('D3054', 40, 'Jiyono', ''),
('D3055', 40, 'Ponidi', ''),
('D3056', 40, 'Ngatiyem', ''),
('D3057', 40, 'Sugiyo', ''),
('D3058', 40, 'Winardiyono', ''),
('D3059', 40, 'Tukiman', ''),
('D306', 6, 'Sugiyanto', ''),
('D3060', 40, 'Gito Rejo', ''),
('D3061', 40, 'Saryono', ''),
('D3062', 40, 'Yuli', ''),
('D3063', 40, 'Samiran', ''),
('D3064', 40, 'Ngadimun', ''),
('D3065', 40, 'Paidi ', '2'),
('D3066', 40, 'Sugeng ', '6'),
('D3067', 41, 'Sumardi', ''),
('D3068', 41, 'Ngaderi', ''),
('D3069', 41, 'Rosyid', ''),
('D307', 6, 'Warjiyanto', ''),
('D3070', 41, 'Sokarjo', ''),
('D3071', 41, 'Sukadi', ''),
('D3072', 41, 'Paijan', ''),
('D3073', 41, 'Wagiran', ''),
('D3074', 41, 'Samidi', ''),
('D3075', 41, 'Suyono', ''),
('D3076', 41, 'Haryanto', ''),
('D3077', 41, 'Sukir', ''),
('D3078', 41, 'Apriyanto', ''),
('D3079', 41, 'Ngadiran', ''),
('D308', 6, 'Doni Prasetya', ''),
('D3080', 41, 'Wajipah', ''),
('D3081', 41, 'Yasin', ''),
('D3082', 41, 'Toyiban', ''),
('D3083', 41, 'Supanto', ''),
('D3084', 41, 'Khohari', ''),
('D3085', 41, 'Surip', ''),
('D3086', 41, 'Wajiran', ''),
('D3087', 41, 'Kadar', ''),
('D3088', 41, 'Sri Basmi', ''),
('D3089', 41, 'Wajiran', '2'),
('D309', 6, 'Gunawan', ''),
('D3090', 41, 'Nurdin', ''),
('D3091', 41, 'Gatot Subroto', ''),
('D3092', 41, 'Marsudi', ''),
('D3093', 41, 'Yulianto', ''),
('D3094', 41, 'Priyo Darsono', ''),
('D3095', 42, 'Pambudi', ''),
('D3096', 42, 'Pariman', ''),
('D3097', 42, 'Supriyadi', ''),
('D3098', 42, 'Endra', ''),
('D3099', 42, 'Budi', ''),
('D31', 4, 'Ngatirin', ''),
('D310', 6, 'Tugiman', ''),
('D3100', 42, 'Suwardi', ''),
('D3101', 42, 'Rukijo', ''),
('D3102', 42, 'Sosro', ''),
('D3103', 42, 'Tukijo', ''),
('D3104', 42, 'Tugiman', ''),
('D3105', 42, 'Mulyo rejo', ''),
('D3106', 42, 'Sukisno', ''),
('D3107', 42, 'Adi Purnomo', ''),
('D3108', 42, 'Giran', ''),
('D3109', 42, 'Sudiyono', ''),
('D311', 6, 'Tuwuh', ''),
('D3110', 42, 'Supriyati', ''),
('D3111', 42, 'Giyono', ''),
('D3112', 42, 'Ahmad Nabit', ''),
('D3113', 42, 'Parmo Rejo', ''),
('D3114', 42, 'Daryanto', ''),
('D3115', 42, 'Sono Pawiro', ''),
('D3116', 42, 'Poniman', ''),
('D3117', 42, 'Ponidi', ''),
('D3118', 42, 'Indra', ''),
('D3119', 43, 'Walidi', ''),
('D312', 6, 'Lasiri', ''),
('D3120', 43, 'Radiyono', ''),
('D3121', 43, 'Sogiran', ''),
('D3122', 43, 'Rubiman', ''),
('D3123', 43, 'Dedi', ''),
('D3124', 43, 'Suradi', ''),
('D3125', 44, 'Parman', ''),
('D3126', 44, 'Kalesno', ''),
('D3127', 44, 'Rinto Sarono', ''),
('D3128', 44, 'Nardi Suwito', ''),
('D3129', 44, 'Kasdiyono', ''),
('D313', 6, 'Jumarwan', ''),
('D3130', 44, 'Kelik', ''),
('D3131', 45, 'Siswanto', ''),
('D3132', 45, 'Suharjo', ''),
('D3133', 45, 'Mugiyo', ''),
('D3134', 45, 'Wito Rejo', ''),
('D3135', 45, 'Kamdi', ''),
('D3136', 45, 'Sagiman', ''),
('D3137', 45, 'Riyadi', ''),
('D3138', 45, 'Martoyo', ''),
('D3139', 45, 'Gimah', ''),
('D314', 6, 'Marto Sentono', ''),
('D3140', 45, 'Karjo', ''),
('D3141', 45, 'Arya', ''),
('D3142', 45, 'Giyono', ''),
('D3143', 45, 'Sigit', ''),
('D3144', 45, 'Tukiran', ''),
('D3145', 45, 'Ashuri', ''),
('D3146', 45, 'Ponirin', ''),
('D3147', 45, 'Suyoto', ''),
('D3148', 45, 'Poniman', ''),
('D3149', 45, 'Ma’ruf', ''),
('D315', 6, 'Legimin', ''),
('D3150', 45, 'Suhirni', ''),
('D3151', 45, 'Ari Eko', ''),
('D3152', 45, 'Sugimin', ''),
('D3153', 45, 'Sukiyat', ''),
('D3154', 45, 'Wagiran', ''),
('D3155', 45, 'Mangun', ''),
('D3156', 45, 'Eko', ''),
('D3157', 45, 'Suradi', ''),
('D3158', 45, 'Giyadi', ''),
('D3159', 45, 'Darmi', ''),
('D316', 6, 'Selo', ''),
('D3160', 45, 'Ahmadi', ''),
('D3161', 45, 'Tugiran', ''),
('D3162', 45, 'Tukirah ', '4'),
('D3163', 45, 'Adi Kanso', ''),
('D3164', 45, 'Daryono', ''),
('D3165', 45, 'Suradal', ''),
('D3166', 45, 'Poniyem', ''),
('D3167', 45, 'Suranto', ''),
('D3168', 45, 'Rudiyanto', ''),
('D3169', 45, 'Sarno', ''),
('D317', 6, 'Parjo', ''),
('D3170', 45, 'Sukirman', ''),
('D3171', 45, 'Fendi', ''),
('D3172', 45, 'Heru ', ''),
('D3173', 45, 'Asmudi', ''),
('D3174', 45, 'Ponijan', ''),
('D3175', 45, 'Wahyudi', ''),
('D3176', 45, 'Wardoyo', ''),
('D3177', 45, 'Rusdiyanto ', '2'),
('D3178', 46, 'Pantorejo', ''),
('D3179', 46, 'Aris Setiawan', ''),
('D318', 6, 'Budiyanto', ''),
('D3180', 46, 'Karjo', ''),
('D3181', 46, 'Biman', ''),
('D3182', 46, 'Dasiran', ''),
('D3183', 46, 'Muryadi', ''),
('D3184', 46, 'Mukiyem', ''),
('D3185', 46, 'Tukiran', ''),
('D3186', 46, 'Suwito Utomo', ''),
('D3187', 46, 'Supriyono', ''),
('D3188', 46, 'Heriyanto', ''),
('D3189', 46, 'Sukanto', ''),
('D319', 6, 'Priyadi', ''),
('D3190', 46, 'Sutardi', ''),
('D3191', 46, 'Giyanto', ''),
('D3192', 46, 'Supardi', ''),
('D3193', 46, 'Wagiman', ''),
('D3194', 46, 'Wawan', ''),
('D3195', 46, 'Anugrah', ''),
('D3196', 46, 'Ponimin', ''),
('D3197', 46, 'Suprihatin', ''),
('D3198', 46, 'Zuslim', ''),
('D3199', 46, 'Wanto', ''),
('D32', 4, 'Suryadi', ''),
('D320', 6, 'Narto Utomo', ''),
('D3200', 14, 'Harto Wiyono', ''),
('D3201', 14, 'Mardiyono', ''),
('D3202', 14, 'Widodo', ''),
('D3203', 14, 'Dwi Supiyanto', ''),
('D3204', 14, 'Sudarmawan', ''),
('D3205', 14, 'Mujiyarto', ''),
('D3206', 14, 'Suyanto', ''),
('D3207', 14, 'Aji Kurniawan', ''),
('D3208', 14, 'Widadi', ''),
('D3209', 14, 'Sumirah', ''),
('D321', 6, 'Wahono', ''),
('D3210', 14, 'Mugiyo', ''),
('D3211', 14, 'Subardi', ''),
('D3212', 14, 'Sudardi', ''),
('D3213', 14, 'Mariyanto', ''),
('D3214', 14, 'Suwardiyono', ''),
('D3215', 14, 'Edi Suyanto', ''),
('D3216', 14, 'Ngadiyono', ''),
('D3217', 14, 'Mariyono', ''),
('D3218', 14, 'Rubidi', ''),
('D3219', 14, 'Suwardi', ''),
('D322', 6, 'Triyono', ''),
('D3220', 14, 'Ngadirin', ''),
('D3221', 14, 'Jimin', ''),
('D3222', 14, 'Wagini', ''),
('D3223', 14, 'Adi Carito', ''),
('D3224', 14, 'Prapto', ''),
('D3225', 14, 'Eko Budi Laksono', ''),
('D3226', 14, 'Sundu', ''),
('D3227', 14, 'Turiman', ''),
('D3228', 14, 'Pairin', ''),
('D3229', 14, 'Suyanto', ''),
('D323', 6, 'Nur Arif', ''),
('D3230', 14, 'Budiyono', ''),
('D3231', 14, 'Kardiyono', ''),
('D3232', 14, 'Mugiyono', ''),
('D3233', 47, 'Hari', ''),
('D3234', 47, 'Senen Hariyanto', ''),
('D3235', 47, 'Saifudin', ''),
('D3236', 47, 'Tarwidi', ''),
('D3237', 47, 'Suranto', ''),
('D3238', 47, 'Jumingin', ''),
('D3239', 47, 'Widiyanto ', ''),
('D324', 6, 'Wagimin', ''),
('D3240', 47, 'Eko Nurkholis', ''),
('D3241', 47, 'Endri Susilo', ''),
('D3242', 48, 'Rusbiyanto', ''),
('D3243', 48, 'Budiyanto', ''),
('D3244', 48, 'Sorejo', ''),
('D3245', 48, 'Suyanto', ''),
('D3246', 49, 'Wagimin', ''),
('D3247', 49, 'Misgiyanto', ''),
('D3248', 49, 'Tiyono', ''),
('D3249', 49, 'Sriyanto', ''),
('D325', 6, 'Samidi', ''),
('D3250', 30, 'Narto Utomo', ''),
('D3251', 39, 'Sukiran', ''),
('D3252', 39, 'Purwanto', ''),
('D3253', 39, 'Agus Sulistyono', ''),
('D3254', 39, 'Mukiran', ''),
('D3255', 39, 'Wakiran', ''),
('D3256', 39, 'Suwardi', ''),
('D3257', 39, 'Surabi', ''),
('D3258', 39, 'Riyem', ''),
('D3259', 39, 'Sugiran ', '3'),
('D326', 6, 'Wagiyah', ''),
('D3260', 39, 'Marsidi', ''),
('D3261', 39, 'Wiyono', ''),
('D3262', 39, 'Ngadiran', '1'),
('D3263', 39, 'Sokidi', ''),
('D3264', 39, 'Premo', ''),
('D3265', 39, 'Adi widodo', ''),
('D3266', 39, 'Samiran', ''),
('D3267', 39, 'Paryanto', '2'),
('D3268', 39, 'Wakidi', ''),
('D3269', 39, 'Subardi', ''),
('D327', 6, 'Ngadiyono', ''),
('D3270', 39, 'Lasirah', ''),
('D3271', 39, 'Sagiman', ''),
('D3272', 39, 'Wasidi', ''),
('D3273', 39, 'Poniyem', ''),
('D3274', 39, 'sugiyanto ', '6'),
('D3275', 39, 'Parni', ''),
('D3276', 39, 'Wagiran', '1'),
('D3277', 39, 'Wargiyono', ''),
('D3278', 39, 'Agung', '2'),
('D3279', 39, 'Sukiman', ''),
('D328', 6, 'Zamroni', ''),
('D3280', 39, 'Wagino', ''),
('D3281', 39, 'Ngadimin', '5'),
('D3282', 39, 'Pawiro', ''),
('D3283', 39, 'Sukirdi', ''),
('D3284', 39, 'Maryono', '3'),
('D3285', 39, 'Mu\'min Hidayat', ''),
('D3286', 39, 'Sukiman', ''),
('D3287', 39, 'Tukiman', ''),
('D3288', 39, 'Karnan', ''),
('D3289', 39, 'Musimin', ''),
('D329', 6, 'Warno', ''),
('D3290', 39, 'Isro\'', ''),
('D3291', 39, 'Samsi', ''),
('D3292', 39, 'Sigit', ''),
('D3293', 39, 'Taryono / Wakiran', ''),
('D3294', 39, 'Budi Riyanto', ''),
('D3295', 39, 'Wariyem', ''),
('D3296', 39, 'Jupri', ''),
('D3297', 39, 'Kandar', ''),
('D3298', 39, 'Ponikem', ''),
('D3299', 39, 'Wagiman', ''),
('D33', 4, 'Bahrozi', ''),
('D330', 6, 'Nuri', ''),
('D3300', 39, 'Miskamdi', ''),
('D3301', 39, 'Ponikan', ''),
('D3302', 39, 'Wito', ''),
('D3303', 39, 'Musiran', ''),
('D3304', 39, 'Ganda', ''),
('D3305', 39, 'Sugiyanto', ''),
('D3306', 39, 'Tugiman', ''),
('D3307', 39, 'Paemo', ''),
('D3308', 39, 'Trimo Rejo', ''),
('D3309', 39, 'Fitria', ''),
('D331', 6, 'Wito Sentono', ''),
('D3310', 39, 'Tuhar', ''),
('D3311', 39, 'Tarso rejo', ''),
('D3312', 39, 'Kamto utomo', ''),
('D3313', 39, 'Gimo Wiyono', ''),
('D3314', 39, 'Ngatemo Sentono', ''),
('D3315', 1, 'Siswoyo', ''),
('D3316', 1, 'Tukimin', ''),
('D3317', 1, 'Mujiyanto', ''),
('D3318', 1, 'Tumardi', ''),
('D3319', 1, 'Wagiyo', ''),
('D332', 6, 'Tukiran', ''),
('D3320', 1, 'Sugiyono', ''),
('D3321', 1, 'Sutopo', ''),
('D3322', 1, 'Diharjo', ''),
('D3323', 1, 'Prayitno', ''),
('D3324', 1, 'Miyadi', ''),
('D3325', 1, 'Sumawanto', ''),
('D3326', 1, 'Warsidi', ''),
('D3327', 1, 'Sunardi', ''),
('D3328', 1, 'Widodo', ''),
('D3329', 1, 'Ibahiroh', ''),
('D333', 6, 'Sudarmo', ''),
('D3330', 1, 'Jiyarto', ''),
('D3331', 1, 'Wardiyono / Slamet', ''),
('D3332', 1, 'Rohadi', ''),
('D3333', 1, 'Rukijo', ''),
('D3334', 1, 'Tumidi', ''),
('D3335', 1, 'Fitri Yuliyanto', ''),
('D3336', 1, 'Jumeno', ''),
('D3337', 1, 'Slamet', ''),
('D3338', 1, 'Tusir', ''),
('D3339', 1, 'Naryanto', ''),
('D334', 6, 'Gimin', ''),
('D3340', 1, 'Gimin', ''),
('D3341', 1, 'Muryani', ''),
('D3342', 1, 'Jawadi', ''),
('D3343', 1, 'Sutiman', ''),
('D3344', 1, 'Agus Prayitno', ''),
('D3345', 1, 'Ngaderi', ''),
('D3346', 1, 'Suwardi', ''),
('D335', 6, 'Jumikan', ''),
('D336', 6, 'Mujiyono', ''),
('D337', 6, 'Suro', ''),
('D338', 6, 'Adi Wiyanto', ''),
('D339', 6, 'Rudi Hermanto', ''),
('D34', 4, 'Tupardi', ''),
('D340', 6, 'Tugiyono', ''),
('D341', 6, 'M. Hanif', ''),
('D342', 6, 'Warso', ''),
('D343', 6, 'Joyo Sogiran', ''),
('D344', 6, 'Suyadi', ''),
('D345', 6, 'Puryanto', ''),
('D346', 6, 'Wahyu Hariyanto', ''),
('D347', 6, 'Eko', ''),
('D348', 6, 'Arjo Sidal', ''),
('D349', 6, 'Tukiman', ''),
('D35', 4, 'Sumarmin', ''),
('D350', 6, 'Ariyanto', ''),
('D351', 6, 'Sokerto', ''),
('D352', 6, 'Trio Purnomo', ''),
('D353', 6, 'Yanto ', '3'),
('D354', 6, 'Marwanto', ''),
('D355', 6, 'Jumadi', ''),
('D356', 6, 'Jamaludin', ''),
('D357', 6, 'Yamto', ''),
('D358', 7, 'Dwi Yanto', ''),
('D359', 7, 'Tarwidi', ''),
('D36', 4, 'Dani Sugiyanto', ''),
('D360', 7, 'Yasir', ''),
('D361', 7, 'Sudarman', ''),
('D362', 7, 'Tukiyadi', ''),
('D363', 7, 'Diharjo', ''),
('D364', 7, 'Tujiyanto', ''),
('D365', 7, 'Madi', ''),
('D366', 7, 'Suradi', ''),
('D367', 7, 'Mardiyono', ''),
('D368', 7, 'Joyo Rejo', ''),
('D369', 7, 'Sutarwan', ''),
('D37', 4, 'Warsiyanto', ''),
('D370', 7, 'Prapto Wiyono', ''),
('D371', 7, 'Amir Mahmud', ''),
('D372', 7, 'Pardi', ''),
('D373', 7, 'Janarko', ''),
('D374', 7, 'Usman', ''),
('D375', 7, 'Abas', ''),
('D376', 7, 'M. Huri', ''),
('D377', 7, 'Narto', ''),
('D378', 7, 'Timbul', ''),
('D379', 7, 'Ngatiran', ''),
('D38', 4, 'Ngaderi', ''),
('D380', 7, 'Sudarmawan', ''),
('D381', 7, 'Jiran Arjo', ''),
('D382', 7, 'Subardi', ''),
('D383', 7, 'Sugeng', ''),
('D384', 7, 'Wagino', ''),
('D385', 7, 'Subadi', ''),
('D386', 7, 'Manis', ''),
('D387', 7, 'Suparman', ''),
('D388', 7, 'Sujiyat', ''),
('D389', 7, 'Tumin', ''),
('D39', 4, 'Siswanto', ''),
('D390', 7, 'Wito', ''),
('D391', 7, 'Besari', ''),
('D392', 7, 'Ngadiman', ''),
('D393', 7, 'Sunar', ''),
('D394', 7, 'Mardiwiyono', ''),
('D395', 7, 'Giyardi', ''),
('D396', 7, 'Wito Sentono', ''),
('D397', 7, 'Misdi', ''),
('D398', 7, 'Sutardiyono', ''),
('D399', 7, 'Ansori', ''),
('D4', 4, 'Supriyanto', ''),
('D40', 4, 'Sumiran', ''),
('D400', 7, 'Sundari', ''),
('D401', 7, 'Rina', ''),
('D402', 7, 'Riyanto', ''),
('D403', 7, 'Sunarjo', ''),
('D404', 7, 'Poniran', ''),
('D405', 7, 'Yadiyono', ''),
('D406', 7, 'Madi', ''),
('D407', 7, 'Pardiman', ''),
('D408', 7, 'Rohadi', ''),
('D409', 7, 'Tukiman', ''),
('D41', 4, 'Andrian', ''),
('D410', 7, 'Katirah', ''),
('D411', 7, 'Amir Mahmud', ''),
('D412', 7, 'Sutaryo', ''),
('D413', 7, 'Sowirejo', ''),
('D414', 7, 'Warso', ''),
('D415', 7, 'Jumar', ''),
('D416', 7, 'Kasan (Sriyanto)', ''),
('D417', 7, 'Ponijan', ''),
('D418', 7, 'Suwadi', ''),
('D419', 7, 'Sukiyem', ''),
('D42', 4, 'Suwanto', ''),
('D420', 7, 'Darmanto', ''),
('D421', 7, 'Waliman', ''),
('D422', 7, 'Tukiran', ''),
('D423', 7, 'Daryono', ''),
('D424', 7, 'Sugi', ''),
('D425', 7, 'Sarwoto', ''),
('D426', 7, 'Yatin', ''),
('D427', 7, 'Sutar ', '1'),
('D428', 7, 'Eko', ''),
('D429', 7, 'Ngatinem', ''),
('D43', 4, 'Sumarno', ''),
('D430', 7, 'Jumakir', ''),
('D431', 7, 'Wiyono', ''),
('D432', 7, 'Jumirin', ''),
('D433', 7, 'Suwardi', ''),
('D434', 8, 'Ngabdani', ''),
('D435', 8, 'Mardiyanto', ''),
('D436', 8, 'Wadiyono', ''),
('D437', 8, 'Suwandi', ''),
('D438', 8, 'Karsono', ''),
('D439', 8, 'Tukiyadi', ''),
('D44', 4, 'Ardi Sungkeni', ''),
('D440', 8, 'Nuri', ''),
('D441', 8, 'Andriyanto', ''),
('D442', 8, 'Ponijan', ''),
('D443', 8, 'Kaliman', ''),
('D444', 8, 'Barjiyanto', ''),
('D445', 8, 'Darjo', ''),
('D446', 8, 'Harto Utomo', ''),
('D447', 8, 'Ponijem', ''),
('D448', 8, 'Rejo', ''),
('D449', 8, 'Maknaniyanto', ''),
('D45', 4, 'Mugiyanto', ''),
('D450', 8, 'Rofika Murdiyanto', ''),
('D451', 8, 'Fadoli', ''),
('D452', 8, 'Adi Sumarno', ''),
('D453', 8, 'Waldiyanto', ''),
('D454', 8, 'Eko Prasetyo', ''),
('D455', 8, 'Ngatinem', ''),
('D456', 8, 'Azis', ''),
('D457', 8, 'Misran', ''),
('D458', 8, 'Kiryono', ''),
('D459', 8, 'Poniran', ''),
('D46', 4, 'Sukiran', ''),
('D460', 8, 'Saeran', ''),
('D461', 8, 'Ginarjo', ''),
('D462', 8, 'Pardiyono', ''),
('D463', 8, 'Jauhari', ''),
('D464', 8, 'Mukiran', ''),
('D465', 8, 'Sulasno', ''),
('D466', 8, 'Wakimin', ''),
('D467', 8, 'Ngatiran', ''),
('D468', 8, 'Samsuri', ''),
('D469', 8, 'Hendri', ''),
('D47', 4, 'Jumeno', ''),
('D470', 8, 'Ngatirin', ''),
('D471', 8, 'Parmo Rejo', ''),
('D472', 8, 'Sudaryono', ''),
('D473', 8, 'Sokiman', ''),
('D474', 8, 'Sapari', ''),
('D475', 8, 'Sutarjo', ''),
('D476', 8, 'Supriyanto', ''),
('D477', 8, 'Suprihatin', ''),
('D478', 8, 'Sagiman', ''),
('D479', 8, 'Andriyanto', ''),
('D48', 4, 'Maryanto', ''),
('D480', 8, 'Lasidi', ''),
('D481', 8, 'Sardi', ''),
('D482', 8, 'Narto Utomo', ''),
('D483', 8, 'Maryono', ''),
('D484', 8, 'Turadi', ''),
('D485', 8, 'Mujiran', ''),
('D486', 8, 'Basirun', ''),
('D487', 8, 'Heru', ''),
('D488', 8, 'Mukiran', ''),
('D489', 8, 'Barjo Utomo', ''),
('D49', 4, 'Janu', ''),
('D490', 8, 'Tugimin', ''),
('D491', 8, 'Budiyanto', ''),
('D492', 8, 'Jiyono', ''),
('D493', 8, 'Saidi', ''),
('D494', 8, 'Legimin', ''),
('D495', 8, 'Slamet', ''),
('D496', 8, 'Juanda', ''),
('D497', 8, 'Ponidi', ''),
('D498', 9, 'Yatno', ''),
('D499', 9, 'Yusuf', ''),
('D5', 4, 'Wagiman', ''),
('D50', 4, 'Suratman', ''),
('D500', 9, 'Suratno', ''),
('D501', 9, 'Susi Yanto', ''),
('D502', 9, 'Sarwoto', ''),
('D503', 9, 'Tuminen', ''),
('D504', 9, 'Suwasdi', ''),
('D505', 9, 'Iriana', ''),
('D506', 9, 'Khoirudin', ''),
('D507', 9, 'Sukono', ''),
('D508', 9, 'Suyadi', ''),
('D509', 9, 'Parto Rejo', ''),
('D51', 4, 'Wagiran', ''),
('D510', 9, 'Ponidi', ''),
('D511', 9, 'Agus', ''),
('D512', 9, 'Parmo Rejo', ''),
('D513', 9, 'Jamial', ''),
('D514', 9, 'Andri', ''),
('D515', 9, 'Joko', ''),
('D516', 9, 'Rusdiyanto', ''),
('D517', 9, 'Sugiran', ''),
('D518', 9, 'Wajiran', ''),
('D519', 9, 'Adi Siswanto', ''),
('D52', 4, 'Misran', ''),
('D520', 9, 'Jumiran', ''),
('D521', 9, 'Giyo', ''),
('D522', 9, 'Widhi', ''),
('D523', 9, 'Tukiman', ''),
('D524', 9, 'Siswanto', ''),
('D525', 9, 'Marjiyanto', ''),
('D526', 9, 'Sugiyatno', ''),
('D527', 9, 'Tumirah', '6'),
('D528', 9, 'Bejo Riyanto', ''),
('D529', 9, 'Yudi', ''),
('D53', 4, 'Tukiyat', ''),
('D530', 9, 'Suratno', ''),
('D531', 9, 'Lasiman', ''),
('D532', 9, 'Ponidi ', ''),
('D533', 9, 'Ngatimin', '5'),
('D534', 9, 'Rohadi', ''),
('D535', 9, 'Purwanto', ''),
('D536', 9, 'Wagito', ''),
('D537', 9, 'Walijo', ''),
('D538', 9, 'Jumakir', ''),
('D539', 9, 'Sahono', ''),
('D54', 4, 'Daliyono', ''),
('D540', 9, 'Suparjiyono', ''),
('D541', 9, 'Margito', ''),
('D542', 9, 'Sogiran', ''),
('D543', 9, 'Tugirin', ''),
('D544', 9, 'Martini', ''),
('D545', 9, 'Warno', ''),
('D546', 9, 'Sugino', ''),
('D547', 9, 'Ngadiman', ''),
('D548', 9, 'Andri Irawan', ''),
('D549', 9, 'Samiran', ''),
('D55', 4, 'Agus', ''),
('D550', 9, 'Subandi', ''),
('D551', 9, 'Tuminem', ''),
('D552', 9, 'Beni', ''),
('D553', 9, 'Sukijan', ''),
('D554', 9, 'Sadiman', ''),
('D555', 9, 'Sunarjo', ''),
('D556', 9, 'Agus Apriyanto', ''),
('D557', 9, 'Susanto', ''),
('D558', 9, 'Untung', ''),
('D559', 9, 'Dalyono', ''),
('D56', 4, 'Sabar Riyanto', ''),
('D560', 9, 'Suhartono', ''),
('D561', 9, 'Sumiyo', ''),
('D562', 9, 'Suparno', ''),
('D563', 9, 'Riyanto', ''),
('D564', 9, 'Suwardi', ''),
('D565', 9, 'Hendri Setyawan', ''),
('D566', 9, 'Fahrudin', ''),
('D567', 9, 'Ngadiyem', ''),
('D568', 9, 'Temo', ''),
('D569', 9, 'Marijo', ''),
('D57', 4, 'Teguh Sudarminto', ''),
('D570', 9, 'Suwiyanto', ''),
('D571', 9, 'Andri Riyanto', ''),
('D572', 9, 'Wagiyono', ''),
('D573', 9, 'Swasdi', ''),
('D574', 9, 'Sumar', ''),
('D575', 9, 'Samsul', ''),
('D576', 9, 'Paihin', ''),
('D577', 9, 'Supriyono', ''),
('D578', 9, 'Sugeng', ''),
('D579', 9, 'Madiyono', ''),
('D58', 4, 'Samsul Bahri', ''),
('D580', 9, 'Suryanto', ''),
('D581', 9, 'Andriyanto', ''),
('D582', 9, 'Surpriyanto', ''),
('D583', 9, 'Parjono', ''),
('D584', 9, 'Tumidi', ''),
('D585', 9, 'Ngatemo Rejo', ''),
('D586', 9, 'Purwandi', ''),
('D587', 9, 'Mujono', ''),
('D588', 9, 'Sutanto', ''),
('D589', 9, 'Pairan', ''),
('D59', 4, 'Asep', ''),
('D590', 9, 'Adi Waluyo', ''),
('D591', 9, 'Darmo Suwito', ''),
('D592', 9, 'Rubiman', ''),
('D593', 9, 'Suharno', ''),
('D594', 9, 'Mujiyono', ''),
('D595', 9, 'Sugiyatno ', '4'),
('D596', 9, 'Suyanto', ''),
('D597', 9, 'Dwi Kusniyanto', ''),
('D598', 9, 'Purwanto', ''),
('D599', 9, 'Tumidi', ''),
('D6', 4, 'Suwardi', ''),
('D60', 4, 'Hermansyah', ''),
('D600', 9, 'Wajiyo', ''),
('D601', 9, 'Dasiyem', ''),
('D602', 9, 'Sumadi', ''),
('D603', 9, 'Asih Triyono', ''),
('D604', 9, 'Sumarto Rejo', ''),
('D605', 9, 'Jumardi', ''),
('D606', 9, 'Poniran', ''),
('D607', 9, 'Ngatijan', ''),
('D608', 9, 'Parmo', '2'),
('D609', 9, 'Muhdiyono', ''),
('D61', 4, 'Purwanto', ''),
('D610', 9, 'Arjo', ''),
('D611', 9, 'Dwi Kusmiyanto', ''),
('D612', 9, 'Widadi', ''),
('D613', 9, 'Jumbadi', ''),
('D614', 9, 'Ponidi ', '2'),
('D615', 9, 'Sugiran', ''),
('D616', 9, 'Sukarman', ''),
('D617', 9, 'Sogi', ''),
('D618', 9, 'Suyoto', ''),
('D619', 9, 'Heri ', '2'),
('D62', 4, 'Suwandi', ''),
('D620', 9, 'Sukasmi', ''),
('D621', 9, 'Wagirin', ''),
('D622', 9, 'Wajiyanto', ''),
('D623', 9, 'Wadiyanto', ''),
('D624', 9, 'Slamet ', '4'),
('D625', 9, 'Pardiyono', ''),
('D626', 9, 'Marjono', ''),
('D627', 10, 'Arifin', ''),
('D628', 10, 'Parto Rejo', ''),
('D629', 10, 'Legimin', ''),
('D63', 4, 'Muryanto', ''),
('D630', 10, 'Ngatemo', ''),
('D631', 10, 'Subardi', ''),
('D632', 10, 'Ponijan', ''),
('D633', 10, 'Gito Rejo', ''),
('D634', 10, 'Sanem', ''),
('D635', 10, 'Maryadi', ''),
('D636', 10, 'Lasimin', ''),
('D637', 10, 'Mugiyarto', ''),
('D638', 10, 'Sutim', ''),
('D639', 10, 'Widodo', ''),
('D64', 4, 'Supriyono', ''),
('D640', 10, 'Mujiman', ''),
('D641', 10, 'Paidi', ''),
('D642', 10, 'Ponidi', ''),
('D643', 10, 'Ramto Rejo', ''),
('D644', 10, 'Supardi', ''),
('D645', 10, 'Wagiyanto', ''),
('D646', 10, 'Marwanto', ''),
('D647', 10, 'Sukiyo', ''),
('D648', 10, 'Sugito', ''),
('D649', 10, 'Slamet Supriyadi', ''),
('D65', 4, 'Mugiyarjo', ''),
('D650', 10, 'Janem', ''),
('D651', 10, 'Purnomo', ''),
('D652', 10, 'Warto Rejo', ''),
('D653', 10, 'Sugiman ', '3'),
('D654', 10, 'Sumiran', ''),
('D655', 10, 'Parjono', ''),
('D656', 10, 'Subiyanto', ''),
('D657', 10, 'Muhdiyono', ''),
('D658', 10, 'Wojiyo', ''),
('D659', 10, 'Darno', ''),
('D66', 4, 'Bardi', ''),
('D660', 10, 'Margiyono', ''),
('D661', 10, 'Sutris', ''),
('D662', 10, 'Sumarno', ''),
('D663', 10, 'Darojah', ''),
('D664', 10, 'Heri Susanto', ''),
('D665', 10, 'Sunardiyono', ''),
('D666', 10, 'Mardi', ''),
('D667', 10, 'Jiyanto', ''),
('D668', 10, 'Sukimin', ''),
('D669', 10, 'Jarinah', ''),
('D67', 4, 'Samsul', ''),
('D670', 10, 'Metro Rejo ', '5'),
('D671', 10, 'Warsito', ''),
('D672', 10, 'Sinambi', ''),
('D673', 10, 'Wagiyanto', ''),
('D674', 10, 'Karsono', ''),
('D675', 10, 'Priyo Diarjo', ''),
('D676', 10, 'Rebut', ''),
('D677', 10, 'Mulyani', ''),
('D678', 10, 'Sugiman', ''),
('D679', 10, 'Darno', ''),
('D68', 4, 'Mugi', ''),
('D680', 10, 'Ngatimin', ''),
('D681', 10, 'Mulyono', ''),
('D682', 10, 'Rejo Dinomo', ''),
('D683', 10, 'Wajiyono', ''),
('D684', 10, 'Adi Ngatiran', ''),
('D685', 10, 'Siswanto', ''),
('D686', 10, 'Winar', ''),
('D687', 10, 'Suyadi', ''),
('D688', 10, 'Sokarno Suwiryo', ''),
('D689', 10, 'Wasiran', ''),
('D69', 4, 'Arisman', ''),
('D690', 10, 'Wasito Rejo', ''),
('D691', 10, 'Suwardiyono', ''),
('D692', 10, 'Suparmiyati', ''),
('D693', 10, 'Basuki', ''),
('D694', 10, 'Sagimin', ''),
('D695', 10, 'Jumi', ''),
('D696', 10, 'Riyanto', ''),
('D697', 10, 'Aris', ''),
('D698', 10, 'Sugiman ', '1'),
('D699', 10, 'Novi Agus', ''),
('D7', 4, 'Kardiyono', ''),
('D70', 4, 'Musari', ''),
('D700', 10, 'Manto', ''),
('D701', 10, 'Sarmuji', ''),
('D702', 10, 'Supandi', ''),
('D703', 10, 'Ngatijan', ''),
('D704', 10, 'Sugiran', ''),
('D705', 10, 'Sudar', ''),
('D706', 10, 'Prihono', ''),
('D707', 10, 'Sastro', ''),
('D708', 10, 'Suraji', ''),
('D709', 10, 'Yudiyanto', ''),
('D71', 4, 'Tumin', ''),
('D710', 10, 'Sugiyarto', ''),
('D711', 10, 'Mugiyanto', ''),
('D712', 10, 'Ngatijan', ''),
('D713', 10, 'Pairin', ''),
('D714', 10, 'Lasono', ''),
('D715', 10, 'Yatiman', ''),
('D716', 10, 'Hariyono', ''),
('D717', 10, 'Wasiman', ''),
('D718', 10, 'Supariyah', ''),
('D719', 10, 'Rukiyanto', ''),
('D72', 4, 'Ratno', ''),
('D720', 10, 'Riyadi', ''),
('D721', 10, 'Kerto', ''),
('D722', 10, 'Marto Rejo', ''),
('D723', 10, 'Joyo', ''),
('D724', 10, 'Purwanto', ''),
('D725', 10, 'Lasirun', ''),
('D726', 10, 'Siman', ''),
('D727', 10, 'Parji', ''),
('D728', 10, 'Panut', ''),
('D729', 10, 'Ponimin', ''),
('D73', 4, 'Tumiran', ''),
('D730', 10, 'Tugiyanto', ''),
('D731', 10, 'Wagiran', ''),
('D732', 10, 'Ponikin', ''),
('D733', 10, 'Sarto Rejo', ''),
('D734', 10, 'Nur Hadiyanto', ''),
('D735', 10, 'Sugiman ', '2'),
('D736', 10, 'Sambudi', ''),
('D737', 10, 'Sulasman', ''),
('D738', 10, 'Slamet Purwanto', ''),
('D739', 10, 'Ismantoro', ''),
('D74', 4, 'Sukirdi', ''),
('D740', 10, 'Wintolo', ''),
('D741', 10, 'Sukisman', ''),
('D742', 10, 'Jumiran', ''),
('D743', 10, 'Sugiyatmi', ''),
('D744', 10, 'Wasimin', ''),
('D745', 10, 'Watimin', ''),
('D746', 10, 'Adi Wiyanto', ''),
('D747', 10, 'Wagirin', ''),
('D748', 10, 'Sarjiyono', ''),
('D749', 11, 'Marwanto', ''),
('D75', 4, 'Wagiyanto', ''),
('D750', 11, 'Daihari', ''),
('D751', 11, 'Ginardi', ''),
('D752', 11, 'Sudar', ''),
('D753', 11, 'Parlan', ''),
('D754', 11, 'Supri', ''),
('D755', 11, 'Paiman', ''),
('D756', 11, 'Suyoto', ''),
('D757', 11, 'Wadiyo', ''),
('D758', 11, 'Sugiyanto', ''),
('D759', 11, 'Dalipan', ''),
('D76', 4, 'Sugiyanto', ''),
('D760', 11, 'Josentono', ''),
('D761', 11, 'Hendi', ''),
('D762', 11, 'Yoyok Priyadi', ''),
('D763', 11, 'Panto Utomo', ''),
('D764', 11, 'Senadi', ''),
('D765', 11, 'Poyo', ''),
('D766', 11, 'Diyono', ''),
('D767', 11, 'Suryanto', ''),
('D768', 11, 'Suradi', ''),
('D769', 11, 'Sugeng', ''),
('D77', 4, 'Suhadi', ''),
('D770', 11, 'Tarwiyah', ''),
('D771', 11, 'Suyono', ''),
('D772', 11, 'Siswanto', ''),
('D773', 11, 'Tukidi', ''),
('D774', 11, 'Suwito', ''),
('D775', 11, 'Jumadi', ''),
('D776', 11, 'Sutijan', ''),
('D777', 11, 'Khasan', ''),
('D778', 11, 'Supardo', ''),
('D779', 11, 'Hendri Setiawan', ''),
('D78', 4, 'Ngatijan', ''),
('D780', 11, 'Sandiyono', ''),
('D781', 11, 'Sarwiyah', ''),
('D782', 11, 'Supandi', ''),
('D783', 11, 'Heru', ''),
('D784', 11, 'Wagiman', ''),
('D785', 11, 'Susilo', ''),
('D786', 11, 'Tukidi', ''),
('D787', 11, 'Puryono', ''),
('D788', 11, 'Diyono', ''),
('D789', 11, 'Slamet', ''),
('D79', 4, 'Ari Setiawan', ''),
('D790', 11, 'Legiman', ''),
('D791', 11, 'Eko Susilo', ''),
('D792', 11, 'Sogiran', ''),
('D793', 11, 'Poniran', ''),
('D794', 11, 'Arisman', ''),
('D795', 11, 'Tuharyono', ''),
('D796', 11, 'Ngadiman', ''),
('D797', 11, 'Paiman', ''),
('D798', 11, 'Leginah', ''),
('D799', 11, 'Muji Winarno', ''),
('D8', 4, 'Poniran', ''),
('D80', 4, 'Sugiyanto', ''),
('D800', 11, 'Panto', ''),
('D801', 11, 'Muryadi', ''),
('D802', 11, 'Suratno', ''),
('D803', 11, 'Pasmo', ''),
('D804', 11, 'Puryanto', ''),
('D805', 11, 'Padiyo', ''),
('D806', 11, 'Suradi', ''),
('D807', 11, 'Wasidi', ''),
('D808', 11, 'Ponidi', ''),
('D809', 11, 'Suridi', ''),
('D81', 4, 'Jumardi', ''),
('D810', 11, 'Siswoyo', ''),
('D811', 12, 'Poniman', ''),
('D812', 12, 'Suryadi', ''),
('D813', 12, 'Wagirah', ''),
('D814', 12, 'Paijan', ''),
('D815', 12, 'Wasijan', ''),
('D816', 12, 'Tujiman', ''),
('D817', 12, 'Dirki', ''),
('D818', 12, 'Amar S', ''),
('D819', 12, 'Marojal', ''),
('D82', 4, 'Ngadiran', ''),
('D820', 12, 'Sugi', ''),
('D821', 12, 'Tujiman', ''),
('D822', 12, 'Supriyanto', ''),
('D823', 12, 'Poniran', ''),
('D824', 12, 'Suparman', ''),
('D825', 12, 'Marojol', ''),
('D826', 12, 'Juminto', ''),
('D827', 12, 'Sugiman', ''),
('D828', 12, 'Suyanto', ''),
('D829', 12, 'Sanuriah', ''),
('D83', 4, 'Parwidi', ''),
('D830', 12, 'Samsuri', ''),
('D831', 12, 'Widayat', ''),
('D832', 12, 'Eko Sumarwan', ''),
('D833', 12, 'Saewiyono', ''),
('D834', 12, 'Giyarto', ''),
('D835', 12, 'Sumbodo', ''),
('D836', 12, 'Dodik Harianto', ''),
('D837', 12, 'Aris', ''),
('D838', 12, 'Sugiran', ''),
('D839', 12, 'Riyanto', ''),
('D84', 4, 'Tulasi', ''),
('D840', 12, 'Rubiyadi', ''),
('D841', 12, 'Warjono', ''),
('D842', 12, 'Sumarta', ''),
('D843', 12, 'Irin', ''),
('D844', 12, 'Subardi', ''),
('D845', 12, 'Wahyudi', ''),
('D846', 12, 'Tuparman', ''),
('D847', 12, 'Lasugi', ''),
('D848', 12, 'Sumadi', ''),
('D849', 12, 'Sulami', ''),
('D85', 4, 'Sumadi', ''),
('D850', 12, 'Darwiyono', ''),
('D851', 12, 'Tumiran', ''),
('D852', 12, 'Widadi', ''),
('D853', 12, 'Daryono', ''),
('D854', 12, 'Sabari', ''),
('D855', 12, 'Gayus', ''),
('D856', 12, 'Noto Wiharjo', ''),
('D857', 12, 'Diarjo', ''),
('D858', 12, 'Sugiran', ''),
('D859', 12, 'Rumaji', ''),
('D86', 4, 'Pardiman', ''),
('D860', 12, 'Minto', ''),
('D861', 12, 'Tekad', ''),
('D862', 12, 'Sidiq', ''),
('D863', 12, 'Sumiran', ''),
('D864', 13, 'Senabiyanto', ''),
('D865', 13, 'Kardi', ''),
('D866', 13, 'Wahyudi / Wajir', ''),
('D867', 13, 'Sitar', ''),
('D868', 13, 'Wasito', ''),
('D869', 13, 'Suwito', ''),
('D87', 4, 'Musiran', ''),
('D870', 13, 'Ngadiyu', ''),
('D871', 13, 'Lilik', ''),
('D872', 13, 'Triyono', ''),
('D873', 13, 'Jiran', ''),
('D874', 13, 'Sugito', ''),
('D875', 13, 'Topik', ''),
('D876', 13, 'Samsudi', ''),
('D877', 13, 'Pardiyono', ''),
('D878', 13, 'Tukimin', ''),
('D879', 13, 'Wajir', ''),
('D88', 4, 'Winarto/kaseimin', ''),
('D880', 13, 'Tumijan', ''),
('D881', 13, 'Slamet', ''),
('D882', 13, 'Ngatiran', ''),
('D883', 13, 'Joko', ''),
('D884', 13, 'Madiyono', ''),
('D885', 13, 'Supri', ''),
('D886', 13, 'Sumardi', ''),
('D887', 13, 'Sukiyanto', ''),
('D888', 13, 'Hendi', ''),
('D889', 13, 'Taryono', ''),
('D89', 4, 'Kamto Rejo', ''),
('D890', 13, 'Harisman', ''),
('D891', 13, 'Paerah', ''),
('D892', 13, 'Wasidi', ''),
('D893', 13, 'Sardiyono', ''),
('D894', 13, 'Widaryant', ''),
('D895', 13, 'Ariyanto', ''),
('D896', 13, 'Wasdi', ''),
('D897', 13, 'Endartoyo', ''),
('D898', 13, 'Sumyanto', ''),
('D899', 13, 'Harto', ''),
('D9', 4, 'Sugiman', ''),
('D90', 4, 'Marji', ''),
('D900', 13, 'Riyanto', ''),
('D901', 13, 'Kasdi', ''),
('D902', 13, 'Gunawan', ''),
('D903', 13, 'Sikun', ''),
('D904', 13, 'Pardiman', ''),
('D905', 13, 'Eko Suyatno', ''),
('D906', 13, 'Sagi', ''),
('D907', 13, 'Aris', ''),
('D908', 13, 'Mukirah', ''),
('D909', 13, 'Sumardi', ''),
('D91', 4, 'Giran', ''),
('D910', 13, 'Sulton', ''),
('D911', 13, 'Suroto', ''),
('D912', 13, 'Karwiyah', ''),
('D913', 13, 'Suwito', ''),
('D914', 13, 'Sutar', ''),
('D915', 13, 'Mardi', ''),
('D916', 13, 'Wawan', ''),
('D917', 13, 'Padiyo', ''),
('D918', 13, 'Sauji', ''),
('D919', 13, 'Jumardi', ''),
('D92', 4, 'Haryanto', ''),
('D920', 13, 'Ngatijan', ''),
('D921', 13, 'Suprih', ''),
('D922', 13, 'Warsidi', ''),
('D923', 13, 'Ma’arif', ''),
('D924', 13, 'Mubilah', ''),
('D925', 13, 'Suridi', ''),
('D926', 13, 'Sukidi', ''),
('D927', 13, 'Teguh', ''),
('D928', 13, 'Wawan', ''),
('D929', 13, 'Ngatiman', ''),
('D93', 4, 'Giyatno', ''),
('D930', 13, 'Paijan', ''),
('D931', 13, 'Ngatirin', ''),
('D932', 13, 'Sudar Kusmariyono', ''),
('D933', 13, 'Wasidi', ''),
('D934', 13, 'Parwidi', ''),
('D935', 13, 'Slamet ', '3'),
('D936', 13, 'Wagiyo (Gogon)', ''),
('D937', 13, 'Slamet ', '5'),
('D938', 13, 'Muhyidan', ''),
('D939', 13, 'Yadi', ''),
('D94', 4, 'Ponikin', ''),
('D940', 13, 'Sahono', ''),
('D941', 13, 'Loso', ''),
('D942', 13, 'Walijo', ''),
('D943', 13, 'Suwartinem', ''),
('D944', 13, 'Hardi', ''),
('D945', 13, 'Sutarno', ''),
('D946', 13, 'Suwandi', ''),
('D947', 13, 'Pariyadi', ''),
('D948', 13, 'Yudiyanto', ''),
('D949', 13, 'Sami', ''),
('D95', 4, 'Purjono', ''),
('D950', 13, 'Waluyo', ''),
('D951', 13, 'Tumiran', ''),
('D952', 13, 'Rubiyat', ''),
('D953', 13, 'Supendi', ''),
('D954', 13, 'Puguh', ''),
('D955', 13, 'Heriyanto', ''),
('D956', 13, 'Dian Hadi', ''),
('D957', 13, 'Lumadi', ''),
('D958', 13, 'Endra', ''),
('D959', 13, 'Wasdiyono', ''),
('D96', 4, 'Agus ', '2'),
('D960', 13, 'Sumilah', ''),
('D961', 13, 'Ponikem', ''),
('D962', 13, 'Soleh', ''),
('D963', 13, 'Ari Kasmiyanto', ''),
('D964', 13, 'Ngatijo', ''),
('D965', 13, 'Samiyanto', ''),
('D966', 13, 'Jumeno', ''),
('D967', 13, 'Wardiyono', ''),
('D968', 13, 'Ruji', ''),
('D969', 13, 'Subarjono', ''),
('D97', 4, 'Yatmojo', ''),
('D970', 13, 'Ngatimin', ''),
('D971', 13, 'Sariyanto', ''),
('D972', 13, 'Sugino', ''),
('D973', 13, 'Warijo', ''),
('D974', 13, 'Maryadi', ''),
('D975', 13, 'Hardi Utomo', ''),
('D976', 13, 'Saginah', ''),
('D977', 13, 'Purwanto', ''),
('D978', 13, 'Karto Wiryo', ''),
('D979', 13, 'Budi W', ''),
('D98', 4, 'Arwan', ''),
('D980', 13, 'Sunaryo', ''),
('D981', 13, 'Ismanto', ''),
('D982', 13, 'Wagini', ''),
('D983', 13, 'Winarto', ''),
('D984', 13, 'Sugiyanto', ''),
('D985', 13, 'Puryanto', ''),
('D986', 13, 'Supriyanto', ''),
('D987', 13, 'Muhbilal', ''),
('D988', 13, 'Wawan', ''),
('D989', 13, 'Wiyadi', ''),
('D99', 4, 'Poniran ', '4'),
('D990', 13, 'Slamet ', '4'),
('D991', 13, 'Rinto', ''),
('D992', 13, 'Wahyono', ''),
('D993', 13, 'Sodinomo', ''),
('D994', 13, 'Warno', ''),
('D995', 13, 'Nuryanto', ''),
('D996', 13, 'Parimin', ''),
('D997', 13, 'Boimin', ''),
('D998', 13, 'Sunarto', ''),
('D999', 13, 'Purwanto ', '3'),
('E1', 5, 'Walidi ', '4'),
('E10', 5, 'Aditya', ''),
('E100', 5, 'Painem', ''),
('E101', 5, 'Paidi', ''),
('E102', 5, 'Barwanto', ''),
('E103', 5, 'Jiman', ''),
('E104', 5, 'Tugiyono', ''),
('E105', 5, 'Dayat', ''),
('E106', 5, 'Arjo Giman', ''),
('E107', 5, 'Lasiri', ''),
('E108', 5, 'Jajar', ''),
('E109', 5, 'Widi', '');
INSERT INTO `kepala_keluarga` (`kode_keluarga`, `kode_dusun`, `nama_kepala`, `rt`) VALUES
('E11', 5, 'Mugiyarto', ''),
('E110', 5, 'Paijo', ''),
('E111', 5, 'Sulaiman', ''),
('E112', 5, 'Poniran', ''),
('E113', 5, 'Eko Maryanto', ''),
('E114', 5, 'Suratno', ''),
('E115', 5, 'Sugiran ', ''),
('E116', 5, 'Paeno', ''),
('E117', 5, 'Siswanto ', '2'),
('E118', 5, 'Supriyanto', ''),
('E119', 5, 'Yatemo', ''),
('E12', 5, 'Ruji', ''),
('E120', 5, 'Marwanto', ''),
('E121', 5, 'Sugimin', ''),
('E122', 5, 'Basuki', ''),
('E123', 5, 'Sugeng', ''),
('E124', 5, 'Karsono', ''),
('E125', 5, 'Ponidi', ''),
('E126', 5, 'Suharsono', ''),
('E127', 5, 'Suwido', ''),
('E128', 5, 'Supriyadi ', '6'),
('E129', 5, 'Heriyanto', ''),
('E13', 5, 'Tugiran', ''),
('E130', 5, 'Hari', ''),
('E131', 5, 'Sutam', ''),
('E132', 5, 'Purwanto', ''),
('E14', 5, 'Sugiran', ''),
('E15', 5, 'Sarwadi', ''),
('E16', 5, 'Suwardiyono', ''),
('E17', 5, 'Fajar', ''),
('E18', 5, 'Wagimin', ''),
('E19', 5, 'Mistakhul Huda', ''),
('E2', 5, 'Amad Saroni', ''),
('E20', 5, 'Tamsir', ''),
('E21', 5, 'Sarjono', ''),
('E22', 5, 'Sugiyanto', ''),
('E23', 5, 'Barwanto', ''),
('E24', 5, 'Hadi Susanto', ''),
('E25', 5, 'Kismorejo', ''),
('E26', 5, 'Jumardi ', '2'),
('E27', 5, 'Widiyanto', ''),
('E28', 5, 'Kamto', ''),
('E29', 5, 'Sukiyanto', ''),
('E3', 5, 'Suhendra', ''),
('E30', 5, 'Sabar', ''),
('E31', 5, 'Suratno', ''),
('E32', 5, 'Warto Rejo', ''),
('E33', 5, 'Sumadi', ''),
('E34', 5, 'Mujiyono', ''),
('E35', 5, 'Jumar ', '6'),
('E36', 5, 'Siswanto ', '2'),
('E37', 5, 'Walidi ', '2'),
('E38', 5, 'Eko', ''),
('E39', 5, 'Sunarto', ''),
('E4', 5, 'Mardimin', ''),
('E40', 5, 'Giyatno', ''),
('E41', 5, 'Tugimin', ''),
('E42', 5, 'Daroji', ''),
('E43', 5, 'Khoiri', ''),
('E44', 5, 'Karsono', ''),
('E45', 5, 'Marsidi', ''),
('E46', 5, 'Saiman', ''),
('E47', 5, 'Supriyadi', ''),
('E48', 5, 'Yanto', ''),
('E49', 5, 'Parimin', ''),
('E5', 5, 'Sunaryanto', ''),
('E50', 5, 'Nurdiyanto', ''),
('E51', 5, 'Jupri', ''),
('E52', 5, 'Winardi', ''),
('E53', 5, 'Jumardi ', '5'),
('E54', 5, 'Suwido', ''),
('E55', 5, 'Surajiman', ''),
('E56', 5, 'Girin ', ''),
('E57', 5, 'Legiyo', ''),
('E58', 5, 'Riyanto', ''),
('E59', 5, 'Ngadiyono', ''),
('E6', 5, 'Joko Puryanto', ''),
('E60', 5, 'Suhendro', ''),
('E61', 5, 'Sholeh', ''),
('E62', 5, 'Sukadi', ''),
('E63', 5, 'Parno', ''),
('E64', 5, 'Sugiran', ''),
('E65', 5, 'Pardiyono', ''),
('E66', 5, 'Barjo', ''),
('E67', 5, 'Sunarto', ''),
('E68', 5, 'Usdiyono', ''),
('E69', 5, 'Imam Badawi', ''),
('E7', 5, 'Legimin', ''),
('E70', 5, 'Ngatimin', ''),
('E71', 5, 'Sumarni', ''),
('E72', 5, 'Didik', ''),
('E73', 5, 'Iran Haryanto', ''),
('E74', 5, 'Tri Swanto', ''),
('E75', 5, 'Suradiman', ''),
('E76', 5, 'Warto Rejo', ''),
('E77', 5, 'Bardi', ''),
('E78', 5, 'Sugiyono', ''),
('E79', 5, 'Partini', ''),
('E8', 5, 'Triyono', ''),
('E80', 5, 'Gono', ''),
('E81', 5, 'Suyamno', ''),
('E82', 5, 'Supanto', ''),
('E83', 5, 'Prayitno', ''),
('E84', 5, 'Ngatijan', ''),
('E85', 5, 'Udiyono', ''),
('E86', 5, 'Mugiyono', ''),
('E87', 5, 'Sumardiyono', ''),
('E88', 5, 'Sarto', ''),
('E89', 5, 'Legiran', ''),
('E9', 5, 'Sagiran', ''),
('E90', 5, 'Sumardi', ''),
('E91', 5, 'Sugi/misran', ''),
('E92', 5, 'Triyono', ''),
('E93', 5, 'Diarjo', ''),
('E94', 5, 'Giyatman', ''),
('E95', 5, 'Siswiyanto', ''),
('E96', 5, 'Tumiran', ''),
('E97', 5, 'Rubiyanto', ''),
('E98', 5, 'Sarijan', ''),
('E99', 5, 'Arif', '');

-- --------------------------------------------------------

--
-- Struktur dari tabel `kode`
--

CREATE TABLE `kode` (
  `id_kode` int(11) NOT NULL,
  `kode_dusun` int(3) NOT NULL,
  `kode_terakhir` varchar(6) NOT NULL
) ENGINE=InnoDB DEFAULT CHARSET=latin1;

--
-- Dumping data untuk tabel `kode`
--

INSERT INTO `kode` (`id_kode`, `kode_dusun`, `kode_terakhir`) VALUES
(1, 2, 'B123'),
(6, 24, 'X1003');

-- --------------------------------------------------------

--
-- Struktur dari tabel `laporan`
--

CREATE TABLE `laporan` (
  `kode_laporan` int(1) NOT NULL,
  `waktu` smallint(5) NOT NULL,
  `jenis_laporan` varchar(9) NOT NULL,
  `sub_total` mediumint(6) NOT NULL
) ENGINE=InnoDB DEFAULT CHARSET=latin1;

--
-- Dumping data untuk tabel `laporan`
--

INSERT INTO `laporan` (`kode_laporan`, `waktu`, `jenis_laporan`, `sub_total`) VALUES
(1, 32767, 'pemasukan', 200000);

-- --------------------------------------------------------

--
-- Struktur dari tabel `obat`
--

CREATE TABLE `obat` (
  `id_obat` varchar(255) NOT NULL,
  `nama_obat` varchar(255) NOT NULL,
  `jenis__obat` varchar(255) NOT NULL,
  `jumlah_obat` varchar(255) NOT NULL
) ENGINE=InnoDB DEFAULT CHARSET=latin1;

-- --------------------------------------------------------

--
-- Struktur dari tabel `rekam_medis`
--

CREATE TABLE `rekam_medis` (
  `kode_rekam` int(11) NOT NULL,
  `waktu` date NOT NULL,
  `kode_pasien` int(11) NOT NULL,
  `anamnese` text NOT NULL,
  `diagnosa` text NOT NULL,
  `terapi` text NOT NULL,
  `biaya` int(11) NOT NULL
) ENGINE=InnoDB DEFAULT CHARSET=latin1;

--
-- Dumping data untuk tabel `rekam_medis`
--

INSERT INTO `rekam_medis` (`kode_rekam`, `waktu`, `kode_pasien`, `anamnese`, `diagnosa`, `terapi`, `biaya`) VALUES
(1, '2020-07-28', 1, 'pusing', 'migran', 'pramex', 10000),
(2, '2020-07-27', 2, 'tes', 'looh', 'yaa', 80000);

-- --------------------------------------------------------

--
-- Struktur dari tabel `transaksi`
--

CREATE TABLE `transaksi` (
  `id_transaksi` varchar(255) NOT NULL,
  `waktu` varchar(255) NOT NULL,
  `kode_pasien` varchar(255) NOT NULL,
  `harga_transaksi` varchar(255) NOT NULL
) ENGINE=InnoDB DEFAULT CHARSET=latin1;

--
-- Indexes for dumped tables
--

--
-- Indeks untuk tabel `data_pasien`
--
ALTER TABLE `data_pasien`
  ADD PRIMARY KEY (`kode_pasien`),
  ADD KEY `fk_kodekeluarga` (`kode_keluarga`);

--
-- Indeks untuk tabel `desa`
--
ALTER TABLE `desa`
  ADD PRIMARY KEY (`kode_desa`);

--
-- Indeks untuk tabel `dusun`
--
ALTER TABLE `dusun`
  ADD PRIMARY KEY (`kode_dusun`),
  ADD KEY `fk_kode_desa` (`kode_desa`);

--
-- Indeks untuk tabel `kepala_keluarga`
--
ALTER TABLE `kepala_keluarga`
  ADD PRIMARY KEY (`kode_keluarga`),
  ADD KEY `fk_kodedusun` (`kode_dusun`);

--
-- Indeks untuk tabel `kode`
--
ALTER TABLE `kode`
  ADD PRIMARY KEY (`id_kode`),
  ADD KEY `fK_dusun_kode` (`kode_dusun`);

--
-- Indeks untuk tabel `rekam_medis`
--
ALTER TABLE `rekam_medis`
  ADD PRIMARY KEY (`kode_rekam`),
  ADD KEY `fk_kodepasien` (`kode_pasien`);

--
-- AUTO_INCREMENT untuk tabel yang dibuang
--

--
-- AUTO_INCREMENT untuk tabel `data_pasien`
--
ALTER TABLE `data_pasien`
  MODIFY `kode_pasien` int(11) NOT NULL AUTO_INCREMENT, AUTO_INCREMENT=3;

--
-- AUTO_INCREMENT untuk tabel `desa`
--
ALTER TABLE `desa`
  MODIFY `kode_desa` int(11) NOT NULL AUTO_INCREMENT, AUTO_INCREMENT=16;

--
-- AUTO_INCREMENT untuk tabel `dusun`
--
ALTER TABLE `dusun`
  MODIFY `kode_dusun` int(3) NOT NULL AUTO_INCREMENT, AUTO_INCREMENT=52;

--
-- AUTO_INCREMENT untuk tabel `kode`
--
ALTER TABLE `kode`
  MODIFY `id_kode` int(11) NOT NULL AUTO_INCREMENT, AUTO_INCREMENT=7;

--
-- AUTO_INCREMENT untuk tabel `rekam_medis`
--
ALTER TABLE `rekam_medis`
  MODIFY `kode_rekam` int(11) NOT NULL AUTO_INCREMENT, AUTO_INCREMENT=3;

--
-- Ketidakleluasaan untuk tabel pelimpahan (Dumped Tables)
--

--
-- Ketidakleluasaan untuk tabel `data_pasien`
--
ALTER TABLE `data_pasien`
  ADD CONSTRAINT `fk_kodekeluarga` FOREIGN KEY (`kode_keluarga`) REFERENCES `kepala_keluarga` (`kode_keluarga`) ON DELETE CASCADE ON UPDATE CASCADE;

--
-- Ketidakleluasaan untuk tabel `dusun`
--
ALTER TABLE `dusun`
  ADD CONSTRAINT `fk_kode_desa` FOREIGN KEY (`kode_desa`) REFERENCES `desa` (`kode_desa`) ON DELETE CASCADE ON UPDATE CASCADE;

--
-- Ketidakleluasaan untuk tabel `kepala_keluarga`
--
ALTER TABLE `kepala_keluarga`
  ADD CONSTRAINT `fk_kodedusun` FOREIGN KEY (`kode_dusun`) REFERENCES `dusun` (`kode_dusun`) ON DELETE CASCADE ON UPDATE CASCADE;

--
-- Ketidakleluasaan untuk tabel `kode`
--
ALTER TABLE `kode`
  ADD CONSTRAINT `fK_dusun_kode` FOREIGN KEY (`kode_dusun`) REFERENCES `dusun` (`kode_dusun`) ON DELETE CASCADE ON UPDATE CASCADE;

--
-- Ketidakleluasaan untuk tabel `rekam_medis`
--
ALTER TABLE `rekam_medis`
  ADD CONSTRAINT `fk_kodepasien` FOREIGN KEY (`kode_pasien`) REFERENCES `data_pasien` (`kode_pasien`) ON DELETE CASCADE ON UPDATE CASCADE;
COMMIT;

/*!40101 SET CHARACTER_SET_CLIENT=@OLD_CHARACTER_SET_CLIENT */;
/*!40101 SET CHARACTER_SET_RESULTS=@OLD_CHARACTER_SET_RESULTS */;
/*!40101 SET COLLATION_CONNECTION=@OLD_COLLATION_CONNECTION */;
